name,ingredients,name_id
삼해주,양주쌀,R_001
삼해주,누룩,R_001
삼해주,정제수,R_001
온지오,정제수,R_002
온지오,찹쌀,R_002
온지오,건오미자,R_002
온지오,고구마,R_002
온지오,감자,R_002
온지오,누룩,R_002
벼리,쌀,R_003
월탁,쌀,R_004
월탁,정제수,R_004
월탁,누룩,R_004
경기 쌀 막걸리,물,R_005
경기 쌀 막걸리,쌀,R_005
경기 쌀 막걸리,국,R_005
경기 쌀 막걸리,효모,R_005
경기 쌀 막걸리,밀,R_005
희양산 생막걸리 9도,쌀,R_006
희양산 생막걸리 9도,효모,R_006
희양산 생막걸리 9도,누록,R_006
희양산 생막걸리 9도,정제수,R_006
하늘담6 생막걸리,햅쌀,R_007
대담 13,쌀,R_008
대담 13,전통,R_008
대담 13,누룩,R_008
대담 13,물,R_008
대담 13,대잎,R_008
해창 생막걸리,정제수,R_009
해창 생막걸리,찹쌀,R_009
해창 생막걸리,멥쌀,R_009
해창 생막걸리,입국,R_009
해창 생막걸리,곡자,R_009
해창 생막걸리,밀합유,R_009
해창 생막걸리,효모,R_009
서울야행,정제수,R_010
서울야행,쌀,R_010
서울야행,누룩,R_010
서울야행,밀,R_010
달,찹쌀,R_011
달,우리밀,R_011
달,누룩,R_011
달,암반수,R_011
달,약산샘물,R_011
얼떨결에 옐로,쌀,R_012
얼떨결에 옐로,좁쌀,R_012
얼떨결에 옐로,옥수수,R_012
얼떨결에 옐로,정제수,R_012
얼떨결에 옐로,정제효모,R_012
얼떨결에 옐로,효모,R_012
얼떨결에 옐로,기타과당,R_012
얼떨결에 옐로,곡자,R_012
얼떨결에 옐로,밀,R_012
청탁막걸리,정제수,R_013
청탁막걸리,쌀,R_013
청탁막걸리,곡자,R_013
청탁막걸리,아스파탐밀,R_013
방풍 막걸리,정제수,R_014
방풍 막걸리,쌀,R_014
방풍 막걸리,방풍,R_014
방풍 막걸리,누룩,R_014
방풍 막걸리,수크랄로스,R_014
온지몬,정제수,R_015
온지몬,찹쌀,R_015
온지몬,레몬청,R_015
온지몬,고구마,R_015
온지몬,감자,R_015
온지몬,누룩,R_015
까망토끼,쌀,R_016
까망토끼,흑미,R_016
까망토끼,오미자,R_016
까망토끼,조효소제,R_016
까망토끼,정제수,R_016
옹기 막걸리,정제수,R_017
옹기 막걸리,쌀가루,R_017
옹기 막걸리,백설탕,R_017
옹기 막걸리,활성건조효모,R_017
옹기 막걸리,국,R_017
옹기 막걸리,조효소제,R_017
옹기 막걸리,정제효소,R_017
옹기 막걸리,밀,R_017
딸기아랑주,정제수,R_018
딸기아랑주,쌀,R_018
딸기아랑주,돌배,R_018
딸기아랑주,딸기,R_018
딸기아랑주,조제종국,R_018
딸기아랑주,누룩,R_018
딸기아랑주,입국,R_018
딸기아랑주,스쿠랄로스,R_018
옛날 생동동주,물,R_019
옛날 생동동주,쌀,R_019
옛날 생동동주,쌀가루,R_019
옛날 생동동주,효모,R_019
옛날 생동동주,조제종국,R_019
옛날 생동동주,정제효소제,R_019
옛날 생동동주,아스파탐,R_019
짝꿍막걸리,정제수,R_020
짝꿍막걸리,쌀,R_020
짝꿍막걸리,국,R_020
짝꿍막걸리,효모,R_020
짝꿍막걸리,밀합유,R_020
에피소드,쌀,R_021
에피소드,사과,R_021
에피소드,꿀,R_021
에피소드,유자,R_021
에피소드,정제수,R_021
에피소드,누룩,R_021
에피소드,정백당,R_021
에피소드,로즈마리,R_021
낙안읍성,찹쌀,R_022
낙안읍성,맵쌀,R_022
낙안읍성,누룩,R_022
낙안읍성,천연암반수,R_022
생딸기 막걸리,햅쌀,R_023
생딸기 막걸리,쌀,R_023
생딸기 막걸리,쌀가루,R_023
생딸기 막걸리,딸기,R_023
생딸기 막걸리,효모,R_023
생딸기 막걸리,효소,R_023
생딸기 막걸리,정제수,R_023
생딸기 막걸리,프락토올리고당,R_023
너디호프,정제수,R_024
너디호프,찹쌀,R_024
너디호프,누룩,R_024
너디호프,효모,R_024
너디호프,정제효소,R_024
너디호프,바질,R_024
보스토끼,정제수,R_025
보스토끼,쌀,R_025
보스토끼,국,R_025
보스토끼,효모,R_025
스톰탁주,쌀,R_026
스톰탁주,정제수,R_026
스톰탁주,쌀,R_026
스톰탁주,입국,R_026
스톰탁주,스테비올,R_026
담향 대대포 블루,백미,R_027
담향 대대포 블루,벌꿀,R_027
담향 대대포 블루,정제수,R_027
이화주(술샘),쌀,R_028
이화주(술샘),누룩,R_028
이화주(술샘),정제수,R_028
화천용화산,정제수,R_029
화천용화산,쌀,R_029
화천용화산,곡자,R_029
화천용화산,이소말토올리고당,R_029
화천용화산,효모,R_029
화천용화산,정제효소제,R_029
화천용화산,밀,R_029
연꽃담은술,둥굴레,R_030
연꽃담은술,개똥쑥,R_030
연꽃담은술,감초,R_030
연꽃담은술,향온곡누룩,R_030
열두쌀,정제수,R_031
열두쌀,멥쌀,R_031
열두쌀,국,R_031
열두쌀,효모,R_031
일곱쌀,정제수,R_032
일곱쌀,멥쌀,R_032
일곱쌀,국,R_032
일곱쌀,효모,R_032
보은주,찹쌀,R_033
보은주,멥쌀,R_033
보은주,누룩,R_033
선희주,찹쌀,R_034
선희주,멥쌀,R_034
선희주,누룩,R_034
선희주,정제수,R_034
선희주,밀,R_034
도갓집 막걸리,정제수,R_035
도갓집 막걸리,쌀,R_035
도갓집 막걸리,국,R_035
도갓집 막걸리,물엿,R_035
도갓집 막걸리,누룩,R_035
도갓집 막걸리,효모,R_035
복순도가 슈퍼드라이,정제수,R_036
복순도가 슈퍼드라이,쌀,R_036
복순도가 슈퍼드라이,곡자,R_036
설레 7도,정제수,R_037
설레 7도,쌀,R_037
설레 7도,국,R_037
설레 7도,효모,R_037
설레 7도,밀,R_037
소풍,정제수,R_038
소풍,쌀,R_038
소풍,입국,R_038
소풍,에리스리톨,R_038
소풍,포도당,R_038
소풍,효소처리,R_038
소풍,스테비아,R_038
소풍,혼잡제제,R_038
소풍,효소제,R_038
소풍,우유,R_038
청혼 화이트,쌀,R_039
청혼 화이트,쌀,R_039
청혼 화이트,밀누룩,R_039
청혼 화이트,국,R_039
청혼 화이트,효모,R_039
벗이랑 조릿대 산죽,쌀,R_040
벗이랑 조릿대 산죽,정제수,R_040
벗이랑 조릿대 산죽,고려조릿대,R_040
벗이랑 조릿대 산죽,프락토올리고당,R_040
벗이랑 버찌 홍국,쌀,R_041
벗이랑 버찌 홍국,정제수,R_041
벗이랑 버찌 홍국,버찌,R_041
벗이랑 버찌 홍국,홍국쌀,R_041
벗이랑 버찌 홍국,프락토올리고당,R_041
벗이랑 강황,쌀,R_042
벗이랑 강황,정제수,R_042
벗이랑 강황,강황,R_042
벗이랑 강황,프락토올리고당,R_042
온섶,정제수,R_043
온섶,찹쌀,R_043
온섶,개량누룩,R_043
온섶,효모,R_043
온섶,유산균,R_043
온섶,계피,R_043
온섶,생강,R_043
온섶,감초,R_043
온섶,넛맥,R_043
온섶,파인애플,R_043
단홍,정제수,R_044
단홍,찹쌀,R_044
단홍,개량누룩,R_044
단홍,효모,R_044
단홍,유산균,R_044
단홍,라즈베리,R_044
단홍,히비스커스,R_044
단홍,화자오,R_044
단홍,비트,R_044
단홍,우뭇가사리,R_044
완도유자막걸리,정제수,R_045
완도유자막걸리,완도쌀,R_045
완도유자막걸리,소맥분,R_045
완도유자막걸리,입국,R_045
완도유자막걸리,효모,R_045
완도유자막걸리,정제효소,R_045
완도유자막걸리,유자즙,R_045
감천막걸리,정제수,R_046
감천막걸리,멥쌀,R_046
감천막걸리,누룩,R_046
감천막걸리,효모,R_046
감천막걸리,밀,R_046
패치배치 만다린,멥쌀,R_047
패치배치 만다린,감귤,R_047
패치배치 만다린,감귤과피,R_047
패치배치 만다린,당유자과피,R_047
패치배치 만다린,귤꽃,R_047
솜솜 막걸리,쌀,R_048
솜솜 막걸리,누룩,R_048
솜솜 막걸리,물,R_048
고타다이브,물,R_049
고타다이브,쌀,R_049
고타다이브,국,R_049
고타다이브,효모,R_049
고타다이브,밀,R_049
라봉,물,R_050
라봉,쌀,R_050
라봉,한라봉,R_050
라봉,올리고당,R_050
라봉,누룩,R_050
라봉,아스파탐,R_050
참주가 솔 막걸리,물,R_051
참주가 솔 막걸리,쌀,R_051
참주가 솔 막걸리,솔잎,R_051
참주가 솔 막걸리,당귀,R_051
참주가 솔 막걸리,한라봉,R_051
참주가 솔 막걸리,누룩,R_051
참주가 솔 막걸리,올리고당,R_051
참주가 솔 막걸리,아스파탐,R_051
참주가 솔 막걸리,조제종국,R_051
참주가 솔 막걸리,효모,R_051
참주가 솔 막걸리,밀,R_051
참주가 솔 막걸리,우유,R_051
얼떨결에 퍼플,쌀,R_052
얼떨결에 퍼플,찰보리쌀,R_052
얼떨결에 퍼플,포도즙,R_052
얼떨결에 퍼플,정제수,R_052
얼떨결에 퍼플,정제효소,R_052
얼떨결에 퍼플,효모,R_052
얼떨결에 퍼플,기타과당,R_052
얼떨결에 퍼플,곡자,R_052
얼떨결에 퍼플,밀,R_052
김천 배금도가,찹쌀,R_053
김천 배금도가,멥쌀,R_053
김천 배금도가,누룩,R_053
사화정미소,정제수,R_054
사화정미소,찹쌀,R_054
사화정미소,맵쌀,R_054
사화정미소,쌀입국,R_054
사화정미소,누룩,R_054
사화정미소,효모,R_054
사화정미소,정제효소,R_054
사화정미소,밀,R_054
송도막걸리,정제수,R_055
송도막걸리,쌀,R_055
송도막걸리,쌀보리,R_055
송도막걸리,고구마,R_055
송도막걸리,레몬,R_055
송도막걸리,자일리톨,R_055
송도막걸리,종국,R_055
송도막걸리,효모,R_055
송도막걸리,정제효소,R_055
서울골드,멥쌀,R_056
서울골드,찹쌀,R_056
서울골드,누룩,R_056
서울골드,정제수,R_056
소백산생막걸리,정제수,R_057
소백산생막걸리,쌀,R_057
소백산생막걸리,소맥분,R_057
소백산생막걸리,쌀,R_057
소백산생막걸리,쌀,R_057
냥이탁주 화이트,정제수,R_058
냥이탁주 화이트,쌀,R_058
냥이탁주 화이트,누룩,R_058
냥이탁주 화이트,밀,R_058
우주멜론미 스파클링 막걸리,정제수,R_059
우주멜론미 스파클링 막걸리,멥쌀,R_059
우주멜론미 스파클링 막걸리,찹쌀,R_059
우주멜론미 스파클링 막걸리,멜론과즙,R_059
우주멜론미 스파클링 막걸리,누룩,R_059
우주멜론미 스파클링 막걸리,설탕,R_059
우주멜론미 스파클링 막걸리,밀,R_059
대대포9,정제수,R_060
대대포9,쌀,R_060
대대포9,정제효소,R_060
대대포9,종국,R_060
대대포9,효모,R_060
대대포9,물엿,R_060
대대포9,은행나무견과,R_060
대대포9,우유,R_060
청량주,백미,R_061
청량주,누룩,R_061
청량주,종국,R_061
청량주,효모,R_061
쑥크레,쌀,R_062
쑥크레,누룩,R_062
쑥크레,쑥,R_062
쑥크레,물,R_062
연희민트,정제수,R_063
연희민트,멥쌀,R_063
연희민트,찹쌀,R_063
연희민트,누룩,R_063
연희민트,민트,R_063
연희매화,찹쌀,R_064
연희매화,누룩,R_064
연희매화,정제수,R_064
연희매화,매화,R_064
생 옥수수 동동주,쌀,R_065
생 옥수수 동동주,옥수수분말,R_065
생 옥수수 동동주,물엿,R_065
생 옥수수 동동주,국,R_065
생 옥수수 동동주,효모,R_065
생 옥수수 동동주,치자분말추출물,R_065
생 옥수수 동동주,아스파탐,R_065
생 옥수수 동동주,효소처리,R_065
생 옥수수 동동주,스테미아,R_065
생 옥수수 동동주,밀,R_065
연희장미,정제수,R_066
연희장미,멥쌀,R_066
연희장미,찹쌀,R_066
연희장미,누룩,R_066
연희장미,장미,R_066
낙천 옥수수 생동동주,정제수,R_067
낙천 옥수수 생동동주,쌀,R_067
낙천 옥수수 생동동주,옥수수분말,R_067
낙천 옥수수 생동동주,치자,R_067
낙천 옥수수 생동동주,입국,R_067
낙천 옥수수 생동동주,효모,R_067
낙천 옥수수 생동동주,올리고당,R_067
낙천 옥수수 생동동주,정제효소,R_067
낙천 옥수수 생동동주,아스파탐,R_067
낙천 옥수수 생동동주,밀,R_067
강냉이 막걸리,정제수,R_068
강냉이 막걸리,쌀,R_068
강냉이 막걸리,소맥분,R_068
강냉이 막걸리,옥분,R_068
강냉이 막걸리,입국,R_068
강냉이 막걸리,올리고당,R_068
강냉이 막걸리,치자분말,R_068
강냉이 막걸리,정제효소제,R_068
강냉이 막걸리,효모,R_068
강냉이 막걸리,아스파탐,R_068
강냉이 막걸리,밀,R_068
호호막걸리,정제수,R_069
호호막걸리,찹쌀,R_069
호호막걸리,멥쌀,R_069
호호막걸리,단호박,R_069
호호막걸리,누룩,R_069
호호막걸리,밀,R_069
탁112클래식,정제수,R_070
탁112클래식,찹쌀,R_070
탁112클래식,국,R_070
탁112클래식,효모,R_070
탁112클래식,밀,R_070
옹근달 본막걸리,쌀,R_071
옹근달 본막걸리,정제수,R_071
옹근달 본막걸리,누룩,R_071
열대야,쌀,R_072
열대야,찹쌀,R_072
열대야,누룩,R_072
열대야,망고,R_072
열대야,레몬,R_072
열대야,정제수,R_072
열대야,밀,R_072
마크홀리 오리지널 6.0,정제수,R_073
마크홀리 오리지널 6.0,쌀,R_073
마크홀리 오리지널 6.0,국,R_073
마크홀리 오리지널 6.0,효모,R_073
연희유자,멥쌀,R_074
연희유자,찹쌀,R_074
연희유자,유자,R_074
아홉쌀,정제수,R_075
아홉쌀,멥쌀,R_075
아홉쌀,국,R_075
아홉쌀,효모,R_075
바텐더의막걸리,정제수,R_076
바텐더의막걸리,멥쌀,R_076
바텐더의막걸리,국,R_076
바텐더의막걸리,효모,R_076
바텐더의막걸리,기타과당,R_076
바텐더의막걸리,물엿,R_076
바텐더의막걸리,아스파탐,R_076
눈내린여름밤,쌀,R_077
눈내린여름밤,누룩,R_077
눈내린여름밤,물,R_077
담진주,쌀,R_078
담진주,쌀,R_078
담진주,정제수,R_078
담진주,우리밀누룩,R_078
김유정역,쌀,R_079
김유정역,정제수,R_079
김유정역,밀누룩,R_079
골목막걸리 프리미엄 12,정제수,R_080
골목막걸리 프리미엄 12,쌀,R_080
골목막걸리 프리미엄 12,국,R_080
골목막걸리 프리미엄 12,효모,R_080
가와지탁주,효모,R_081
가와지탁주,입국,R_081
가와지탁주,가와지쌀,R_081
메들리손막걸리,쌀,R_082
메들리손막걸리,누룩,R_082
자작막걸리,자작나무 수액,R_083
자작막걸리,삼양주 원주,R_083
백구막걸리,쌀,R_084
백구막걸리,설향곡,R_084
백구막걸리,시나몬,R_084
백구막걸리,벌꿀,R_084
백구막걸리,둥글레,R_084
백구막걸리,감초,R_084
한영석 하향주,찹쌀,R_085
한영석 하향주,정제수,R_085
한영석 하향주,누룩,R_085
맑은내일 스파클링막걸리 Signature,정제수,R_086
맑은내일 스파클링막걸리 Signature,맵쌀,R_086
맑은내일 스파클링막걸리 Signature,누룩,R_086
맑은내일 스파클링막걸리 Signature,정제효소,R_086
맑은내일 스파클링막걸리 Signature,아스파탐,R_086
맑은내일 스파클링막걸리 Signature,밀,R_086
맑은내일 발효막걸리 Signature,정제수,R_087
맑은내일 발효막걸리 Signature,백미,R_087
맑은내일 발효막걸리 Signature,누룩,R_087
맑은내일 발효막걸리 Signature,정제효소,R_087
맑은내일 발효막걸리 Signature,아스파탐,R_087
맑은내일 발효막걸리 Signature,밀,R_087
별산오디 스파클링 막걸리,정제수,R_088
별산오디 스파클링 막걸리,쌀,R_088
별산오디 스파클링 막걸리,당류가공품,R_088
별산오디 스파클링 막걸리,오디,R_088
별산오디 스파클링 막걸리,종국,R_088
별산오디 스파클링 막걸리,효모,R_088
딸링 막걸리,물,R_089
딸링 막걸리,쌀,R_089
딸링 막걸리,올리고당,R_089
딸링 막걸리,딸기,R_089
딸링 막걸리,누룩,R_089
딸링 막걸리,조제종국,R_089
딸링 막걸리,효모,R_089
딸링 막걸리,아스파탐,R_089
주홍춘,포천쌀,R_090
주홍춘,흑미찹쌀,R_090
주홍춘,전가네이화곡,R_090
주홍춘,연잎,R_090
주홍춘,정제수,R_090
정감생막걸리,정제수,R_091
정감생막걸리,백미,R_091
정감생막걸리,찹쌀,R_091
정감생막걸리,입국,R_091
정감생막걸리,누룩,R_091
정감생막걸리,조효소제,R_091
정감생막걸리,미강,R_091
정감생막걸리,혼합제제,R_091
정감생막걸리,혼합제제,R_091
정감생막걸리,혼합제제,R_091
악양생막걸리,정제수,R_092
악양생막걸리,백미,R_092
악양생막걸리,입국,R_092
악양생막걸리,누룩,R_092
악양생막걸리,조효소제,R_092
악양생막걸리,혼합제제,R_092
악양생막걸리,혼합제제,R_092
악양생막걸리,혼합제제,R_092
시향가 미니캔막걸리,물,R_093
시향가 미니캔막걸리,쌀,R_093
시향가 미니캔막걸리,건조토란,R_093
시향가 미니캔막걸리,누룩,R_093
시향가 미니캔막걸리,효모,R_093
시향가 미니캔막걸리,정제효소제,R_093
도구막걸리,밀,R_094
도구막걸리,쌀,R_094
도구막걸리,물엿,R_094
도구막걸리,효모,R_094
도구막걸리,조제종국,R_094
도구막걸리,정제효소제,R_094
도구막걸리,아스파탐,R_094
곤드레생막걸리,백미,R_095
곤드레생막걸리,감자,R_095
곤드레생막걸리,곤드레,R_095
한강의설레임,쌀,R_096
한강의설레임,개량누룩,R_096
한강의설레임,효모,R_096
한강의설레임,정제수,R_096
하얀까마귀,물,R_097
하얀까마귀,쌀,R_097
하얀까마귀,국,R_097
하얀까마귀,효모,R_097
팔팔막걸리,정제수,R_098
팔팔막걸리,쌀,R_098
팔팔막걸리,국,R_098
팔팔막걸리,효모,R_098
팔팔막걸리,밀,R_098
청주신선주탁주,청원생명쌀,R_099
청주신선주탁주,정제수,R_099
청주신선주탁주,찹쌀,R_099
청주신선주탁주,전통누룩,R_099
청주신선주탁주,약재,R_099
청주신선주탁주,숙지황,R_099
청주신선주탁주,생지황,R_099
지란지교 무화과 탁주,찹쌀,R_100
지란지교 무화과 탁주,멥쌀,R_100
지란지교 무화과 탁주,전통누룩,R_100
지란지교 무화과 탁주,정제수,R_100
지란지교 무화과 탁주,무화과청,R_100
지란지교 무화과 탁주,레드비트분말,R_100
지란지교 무화과 탁주,밀,R_100
일엽편주,찹쌀,R_101
일엽편주,멥쌀,R_101
일엽편주,누룩,R_101
일엽편주,정제수,R_101
일엽편주,밀,R_101
양조학당 뜰,멥쌀,R_102
양조학당 뜰,찹쌀,R_102
양조학당 뜰,백국,R_102
양조학당 뜰,효모,R_102
양조학당 뜰,솔잎,R_102
양조학당 뜰,쑥,R_102
양조학당 뜰,정제수,R_102
아임프리6.0,정제수,R_103
아임프리6.0,쌀,R_103
아임프리6.0,국,R_103
아임프리6.0,오미자,R_103
아임프리6.0,효모,R_103
북극곰 막걸리,정제수,R_104
북극곰 막걸리,쌀,R_104
북극곰 막걸리,물엿,R_104
북극곰 막걸리,효모,R_104
북극곰 막걸리,국,R_104
북극곰 막걸리,정제효소제,R_104
북극곰 막걸리,아스파탐,R_104
북극곰 막걸리,밀,R_104
봇뜰 막걸리 10도,쌀,R_105
봇뜰 막걸리 10도,정제수,R_105
봇뜰 막걸리 10도,누룩,R_105
봇뜰 막걸리 10도,밀,R_105
백수환동주,쌀,R_106
백수환동주,정제수,R_106
백수환동주,누룩,R_106
말이야 막걸리야,건조토란,R_107
말이야 막걸리야,쌀,R_107
말이야 막걸리야,정제수,R_107
말이야 막걸리야,효모,R_107
님 그리다,찹쌀,R_108
님 그리다,멥쌀,R_108
님 그리다,누룩,R_108
냥이탁주 fresh,정제수,R_109
냥이탁주 fresh,쌀,R_109
냥이탁주 fresh,찰보리,R_109
냥이탁주 fresh,찰수수,R_109
냥이탁주 fresh,벌꿀,R_109
냥이탁주 fresh,오미자,R_109
냥이탁주 fresh,송순,R_109
냥이탁주 fresh,누룩,R_109
냥이탁주 fresh,개량누룩,R_109
냥이탁주 fresh,밀,R_109
냥이탁주 9도,정제수,R_110
냥이탁주 9도,쌀,R_110
냥이탁주 9도,찰보리,R_110
냥이탁주 9도,찰수수,R_110
냥이탁주 9도,벌꿀,R_110
냥이탁주 9도,오미자,R_110
냥이탁주 9도,송순,R_110
냥이탁주 9도,누룩,R_110
냥이탁주 9도,개량누룩,R_110
냥이탁주 9도,밀,R_110
금풍양조,정제수,R_111
금풍양조,쌀,R_111
금풍양조,국,R_111
금풍양조,효모,R_111
금풍양조,밀,R_111
관악산생막걸리,정제수,R_112
관악산생막걸리,멥쌀,R_112
관악산생막걸리,국,R_112
관악산생막걸리,효모,R_112
관악산생막걸리,밀,R_112
과천미주,정제수,R_113
과천미주,경기미햅쌀,R_113
과천미주,국,R_113
과천미주,효모,R_113
G12 골디락스,정제수,R_114
G12 골디락스,멥쌀,R_114
G12 골디락스,찹쌀,R_114
G12 골디락스,누룩,R_114
G12 골디락스,종국,R_114
G12 골디락스,효모,R_114
G12 골디락스,밀,R_114
은자골 생 탁배기,백미,R_115
은자골 생 탁배기,소맥분,R_115
은자골 생 탁배기,정제수,R_115
은자골 생 탁배기,전분당,R_115
은자골 생 탁배기,국,R_115
은자골 생 탁배기,누룩,R_115
은자골 생 탁배기,효소,R_115
은자골 생 탁배기,아스파탐,R_115
맑은내일 스파클링 막걸리,정제수,R_116
맑은내일 스파클링 막걸리,멥쌀,R_116
맑은내일 스파클링 막걸리,누룩,R_116
맑은내일 스파클링 막걸리,정제효소,R_116
맑은내일 스파클링 막걸리,아스파탐,R_116
맑은내일 스파클링 막걸리,밀,R_116
이화주,양주쌀,R_117
이화주,정제수,R_117
이화주,쌀누룩,R_117
인천 생 소성주,쌀,R_118
인천 생 소성주,팽화미,R_118
인천 생 소성주,정제수,R_118
인천 생 소성주,국,R_118
인천 생 소성주,효모,R_118
인천 생 소성주,아스파탐,R_118
인천 생 소성주,효소,R_118
인천 생 소성주,이소말토,R_118
인천 생 소성주,올리고당,R_118
자희향,찹쌀,R_119
자희향,멥쌀,R_119
자희향,누룩,R_119
자희향,정제수,R_119
자희향 나비,찹쌀,R_120
자희향 나비,멥쌀,R_120
자희향 나비,누룩,R_120
자희향 나비,정제수,R_120
DOK막걸리,정제수,R_121
DOK막걸리,맵쌀,R_121
DOK막걸리,찹쌀,R_121
DOK막걸리,누룩,R_121
DOK막걸리,효소,R_121
DOK막걸리,효모,R_121
주산지 막걸리,쌀,R_122
주산지 막걸리,밀가루,R_122
주산지 막걸리,누룩,R_122
주산지 막걸리,입국,R_122
주산지 막걸리,효모,R_122
주산지 막걸리,고과당,R_122
주산지 막걸리,물엿,R_122
주산지 막걸리,아스파탐,R_122
주산지 막걸리,정제수,R_122
죽향 생 막걸리,쌀,R_123
죽향 생 막걸리,정제효소,R_123
죽향 생 막걸리,효모,R_123
죽향 생 막걸리,아스파탐,R_123
죽향 생 막걸리,정제수,R_123
지장수 호박 생 막걸리,정제수,R_124
지장수 호박 생 막걸리,쌀,R_124
지장수 호박 생 막걸리,효모,R_124
지장수 호박 생 막걸리,누룩,R_124
지장수 호박 생 막걸리,과당,R_124
지평 생 쌀막걸리,쌀,R_125
지평 생 쌀막걸리,정제수,R_125
지평 생 쌀막걸리,국,R_125
지평 생 쌀막걸리,효모,R_125
지평 생 쌀막걸리,정제효소,R_125
지평 생 옛막걸리,밀,R_126
지평 생 옛막걸리,정제수,R_126
지평 생 옛막걸리,국,R_126
지평 생 옛막걸리,분말종국,R_126
지평 생 옛막걸리,효모,R_126
지평 생 옛막걸리,정제효소,R_126
두륜탁주,쌀,R_127
두륜탁주,밀가루,R_127
두륜탁주,누룩,R_127
두륜탁주,당귀,R_127
찹쌀생막걸리 9도,찹쌀,R_128
찹쌀생막걸리 9도,멥쌀,R_128
찹쌀생막걸리 9도,누룩,R_128
찹쌀 생막걸리 12도,찹쌀,R_129
찹쌀 생막걸리 12도,멥쌀,R_129
찹쌀 생막걸리 12도,누룩,R_129
황도배기 햅쌀막걸리,고창,R_130
황도배기 햅쌀막걸리,황토배기,R_130
황도배기 햅쌀막걸리,햅쌀,R_130
고향인삼막걸리,쌀,R_131
고향인삼막걸리,인삼,R_131
이천쌀생막걸리,쌀,R_132
입장탁주,쌀,R_133
왕매실 막걸리,쌀,R_134
왕매실 막걸리,매실원액,R_134
고향생막걸리,쌀,R_135
미담,쌀,R_136
지장수 호박막걸리,정제수,R_137
지장수 호박막걸리,쌀,R_137
지장수 호박막걸리,효모,R_137
지장수 호박막걸리,누룩,R_137
지장수 호박막걸리,과당,R_137
산천어막걸리,정제수,R_138
산천어막걸리,팽화미,R_138
산천어막걸리,입국,R_138
산천어막걸리,국,R_138
산천어막걸리,설탕,R_138
산천어막걸리,정제효소제,R_138
산천어막걸리,효모,R_138
산천어막걸리,아스파탐,R_138
톡쏘는 쌀 막걸리,쌀,R_139
새송이 쌀막걸리 정,쌀,R_140
새송이 쌀막걸리 정,새송이버섯,R_140
하얀연꽃 백련막걸리,쌀,R_141
백년친구 풍기홍삼막걸리,쌀,R_142
백년친구 풍기홍삼막걸리,홍삼,R_142
구암대추막걸리,쌀,R_143
구암대추막걸리,대추,R_143
세종 쌀막걸리,쌀,R_144
울금생막걸리 정,쌀,R_145
울금생막걸리 정,울금,R_145
하얀연꽃 백련생막걸리,백미,R_146
하얀연꽃 백련생막걸리,백련잎,R_146
불로생우리쌀막걸리,쌀,R_147
백년친구 쌀막걸리,백미,R_148
백년친구 쌀막걸리,소맥분,R_148
팔공산미나리 생막걸리,쌀,R_149
팔공산미나리 생막걸리,소맥분,R_149
팔공산미나리 생막걸리,전분당,R_149
팔공산미나리 생막걸리,정제수,R_149
팔공산미나리 생막걸리,무농약,R_149
팔공산미나리 생막걸리,미나리추출액,R_149
팔공산미나리 생막걸리,정제효소,R_149
팔공산미나리 생막걸리,종국,R_149
팔공산미나리 생막걸리,효모,R_149
팔공산미나리 생막걸리,아스파탐,R_149
팔공산미나리 생막걸리,밀,R_149
자연담은 복분자막걸리,복분자,R_150
자연담은 복분자막걸리,정제수,R_150
천마이야기 막걸리,팽화미,R_151
천마이야기 막걸리,입국미,R_151
천마이야기 막걸리,무주천마분말,R_151
천마이야기 막걸리,오미자추출액,R_151
줄포 생막걸리,쌀,R_152
안양동동주,햅쌀,R_153
안양동동주,친환경,R_153
안양동동주,햇찹쌀,R_153
우렁이쌀 손 막걸리,쌀,R_154
우렁이쌀 손 막걸리,정제수,R_154
우렁이쌀 손 막걸리,효모,R_154
우렁이쌀 손 막걸리,정제효소,R_154
우렁이쌀 손 막걸리,효소처리,R_154
우렁이쌀 손 막걸리,스테비아,R_154
문희 탁주,쌀,R_155
사미인주,햅쌀,R_156
사미인주,벌꿀,R_156
2017년 햅쌀로 빚은 첫술,햅쌀,R_157
1932 새싹땅콩+햅쌀/흑미,새싹땅콩,R_158
1932 새싹땅콩+햅쌀/흑미,고시히카리,R_158
1932 새싹땅콩+햅쌀/흑미,쌀,R_158
1932 새싹땅콩+햅쌀/흑미,새싹땅콩,R_158
1932 새싹땅콩+햅쌀/흑미,흑미,R_158
금정산성막걸리,백미,R_159
금정산성막걸리,밀,R_159
금정산성막걸리,정제수,R_159
부안참뽕막걸리,쌀,R_160
부안참뽕막걸리,오디과즙,R_160
부안참뽕막걸리,스쿠랄로스,R_160
술취한 원숭이,쌀,R_161
술취한 원숭이,누룩,R_161
술취한 원숭이,홍국,R_161
술취한 원숭이,정제수,R_161
호랑이배꼽,평택,R_162
호랑이배꼽,쌀,R_162
호랑이배꼽,누룩,R_162
호랑이배꼽,정제수,R_162
호랑이배꼽,정백당,R_162
우리밀 막걸리 향수,쌀,R_163
우리밀 막걸리 향수,밀,R_163
우리밀 막걸리 향수,입국,R_163
우리밀 막걸리 향수,누룩,R_163
우리밀 막걸리 향수,정제수,R_163
홍천강 탁주,홍천,R_164
홍천강 탁주,쌀,R_164
홍천강 탁주,정제수,R_164
홍천강 탁주,국,R_164
배꽃 필 무렵,정제수,R_165
배꽃 필 무렵,멥쌀,R_165
배꽃 필 무렵,누룩,R_165
미소 생막걸리,쌀,R_166
미소 생막걸리,누룩,R_166
미소 생막걸리,정제수,R_166
왕피천을 품은 미소생막걸리,쌀,R_167
왕피천을 품은 미소생막걸리,누룩,R_167
왕피천을 품은 미소생막걸리,정제수,R_167
붉은 원숭이,쌀,R_168
붉은 원숭이,누룩,R_168
붉은 원숭이,홍국,R_168
붉은 원숭이,정제수,R_168
느린마을 막걸리,쌀,R_169
느린마을 막걸리,국,R_169
느린마을 막걸리,효모,R_169
느린마을 막걸리,정제수,R_169
부자,쌀,R_170
부자,정제수,R_170
부자,고과당,R_170
부자,효모,R_170
부자 송산포도,쌀,R_171
부자 송산포도,누룩,R_171
부자 송산포도,포도즙,R_171
매화마름 호랑이 막걸리,쌀,R_172
우곡주,쌀,R_173
백련 생막걸리 snow (스노우),백미,R_174
백련 생막걸리 snow (스노우),연잎,R_174
백련 생막걸리 snow (스노우),정제수,R_174
백련 생막걸리 snow (스노우),종국,R_174
백련 생막걸리 snow (스노우),효모,R_174
백련 생막걸리 snow (스노우),아스파탐,R_174
백련 생막걸리 snow (스노우),물엿,R_174
꿀막걸리,쌀,R_175
꿀막걸리,벌꿀,R_175
꿀막걸리,사과농축액,R_175
꿀막걸리,효모,R_175
꿀막걸리,정제효소,R_175
생탁주,쌀,R_176
생탁주,올리고당,R_176
생탁주,사과농축액,R_176
생탁주,아스파탐,R_176
생탁주,효모,R_176
생탁주,정제수,R_176
호담 산양산삼 막걸리,쌀,R_177
호담 산양산삼 막걸리,입국,R_177
호담 산양산삼 막걸리,산삼,R_177
호담 산양산삼 막걸리,정제수,R_177
호담 산양산삼 막걸리,아스파탐,R_177
월매 쌀막걸리(캔),백미,R_178
월매 쌀막걸리(캔),말토올리고당,R_178
월매 쌀막걸리(캔),정제수,R_178
시인의마을,쌀,R_179
시인의마을,누룩,R_179
시인의마을,정제수,R_179
아이원 막걸리,쌀,R_180
아이원 막걸리,밀,R_180
아이원 막걸리,입국,R_180
아이원 막걸리,누룩,R_180
아이원 막걸리,정제수,R_180
도문대작 생막걸리,강릉,R_181
도문대작 생막걸리,쌀,R_181
도문대작 생막걸리,누룩,R_181
도문대작 생막걸리,갯방풍나물,R_181
도문대작 생막걸리,정제수,R_181
미인탁주,찹쌀,R_182
미인탁주,누룩,R_182
미인탁주,정제수,R_182
삼양춘 생탁주,강화섬쌀,R_183
삼양춘 생탁주,전통누룩,R_183
삼양춘 생탁주,정제수,R_183
술예쁘다 생탁주,쌀,R_184
술예쁘다 생탁주,누룩,R_184
김포 막걸리,쌀,R_185
김포 막걸리,누룩,R_185
김포 막걸리,정제수,R_185
양촌 생 막걸리,팽화미,R_186
양촌 생 막걸리,소맥분,R_186
양촌 생 막걸리,정제수,R_186
양촌 생 막걸리,물엿,R_186
양촌 생 막걸리,효소,R_186
양촌 생 막걸리,국,R_186
양촌 생 동동주,정제수,R_187
양촌 생 동동주,백미,R_187
양촌 생 동동주,효소제,R_187
양촌 생 동동주,효모,R_187
동정춘,쌀,R_188
동정춘,누룩,R_188
동정춘,정제수,R_188
백자주,찹쌀,R_189
백자주,멥쌀,R_189
백자주,잣,R_189
백자주,누룩,R_189
백자주,정제수,R_189
안성맞춤 생막걸리,쌀,R_190
안성맞춤 생막걸리,누룩,R_190
안성맞춤 생막걸리,효모,R_190
안성맞춤 생막걸리,정제효소,R_190
안성맞춤 생막걸리,정제수,R_190
선호 생막걸리,쌀,R_191
선호 생막걸리,누룩,R_191
선호 생막걸리,효모,R_191
선호 생막걸리,정제효소,R_191
선호 생막걸리,정제수,R_191
송명섭 막걸리,쌀,R_192
송명섭 막걸리,곡자,R_192
송명섭 막걸리,정제수,R_192
술아 핸드메이드 막걸리,찹쌀,R_193
술아 핸드메이드 막걸리,누룩,R_193
술아 핸드메이드 막걸리,정제수,R_193
오희 스파클링 막걸리,백미,R_194
오희 스파클링 막걸리,건오미자,R_194
오희 스파클링 막걸리,조효소제,R_194
오희 스파클링 막걸리,효모,R_194
오희 스파클링 막걸리,정제수,R_194
천비향 오양주 탁주,쌀,R_195
천비향 오양주 탁주,누룩,R_195
술그리다 생탁주,쌀,R_196
술그리다 생탁주,누룩,R_196
국순당 생막걸리 대박,쌀,R_197
1000억 유산균 막걸리,쌀,R_198
1000억 유산균 막걸리,누룩,R_198
옛날막걸리 古,쌀,R_199
옛날막걸리 古,누룩,R_199
국순당 이화주,이화누룩,R_200
국순당 이화주,쌀,R_200
편백숲 산소막걸리,쌀,R_201
편백숲 산소막걸리,사과농축액,R_201
편백숲 산소막걸리,누룩,R_201
편백숲 산소막걸리,올리고당,R_201
편백숲 산소막걸리,아스파탐,R_201
편백숲 산소막걸리 순수령,찹쌀,R_202
편백숲 산소막걸리 순수령,맵쌀,R_202
편백숲 산소막걸리 순수령,누룩,R_202
편백숲 산소막걸리 순수령 8%,찹쌀,R_203
편백숲 산소막걸리 순수령 8%,맵쌀,R_203
편백숲 산소막걸리 순수령 8%,누룩,R_203
편백숲 산소막걸리 딸기 스파클링,찹쌀,R_204
편백숲 산소막걸리 딸기 스파클링,멥쌀,R_204
편백숲 산소막걸리 딸기 스파클링,누룩,R_204
편백숲 산소막걸리 딸기 스파클링,딸기,R_204
편백숲 산소막걸리 딸기 스파클링,올리고당,R_204
편백숲 산소막걸리 스파클링,찹쌀,R_205
편백숲 산소막걸리 스파클링,맵쌀,R_205
편백숲 산소막걸리 스파클링,누룩,R_205
지리산 정담 생쌀 막걸리,쌀,R_206
지리산 정담 생쌀 막걸리,종국,R_206
지리산 정담 생쌀 막걸리,정제수,R_206
지리산 정담 생쌀 막걸리,누룩,R_206
지리산 정담 생쌀 막걸리,효모,R_206
세종 알밤주,정제수,R_207
세종 알밤주,백미,R_207
세종 알밤주,소맥분,R_207
세종 알밤주,알밤,R_207
세종 알밤주,전분당,R_207
세종 알밤주,효모,R_207
세종청주생막걸리,쌀,R_208
세종청주생막걸리,소맥분,R_208
가평 잣 생막걸리,쌀,R_209
가평 잣 생막걸리,정제수,R_209
가평 잣 생막걸리,쌀입국,R_209
가평 잣 생막걸리,잣,R_209
가평 잣 생막걸리,효모,R_209
가평 잣 생막걸리,정제효소,R_209
톡쏘는 알밤동동,쌀,R_210
톡쏘는 알밤동동,정제수,R_210
톡쏘는 알밤동동,입국,R_210
톡쏘는 알밤동동,밤,R_210
톡쏘는 알밤동동,농축액,R_210
톡쏘는 알밤동동,밤,R_210
톡쏘는 알밤동동,추출물,R_210
톡쏘는 고구마동동,쌀,R_211
톡쏘는 고구마동동,정제수,R_211
톡쏘는 고구마동동,입국,R_211
톡쏘는 고구마동동,고구마,R_211
톡쏘는 고구마동동,농축액,R_211
톡쏘는 고구마동동,고구마,R_211
톡쏘는 고구마동동,추출물,R_211
톡쏘는 옥수수동동,쌀,R_212
톡쏘는 옥수수동동,정제수,R_212
톡쏘는 옥수수동동,입국,R_212
톡쏘는 옥수수동동,옥수수,R_212
톡쏘는 옥수수동동,농축액,R_212
톡쏘는 옥수수동동,옥수수,R_212
톡쏘는 옥수수동동,추출물,R_212
광양 생 막걸리,정제수,R_213
광양 생 막걸리,쌀,R_213
광양 생 막걸리,입국,R_213
광양 생 막걸리,곡자,R_213
광양 생 막걸리,아스파탐,R_213
광양 생 막걸리,정제효소,R_213
광양 생 막걸리,효모,R_213
광양 생 막걸리,액화효소,R_213
광양 생 막걸리 골드,정제수,R_214
광양 생 막걸리 골드,쌀,R_214
광양 생 막걸리 골드,입국,R_214
광양 생 막걸리 골드,곡자,R_214
광양 생 막걸리 골드,아스파탐,R_214
광양 생 막걸리 골드,정제효소,R_214
광양 생 막걸리 골드,효모,R_214
광양 생 막걸리 골드,액화효소,R_214
메로니아,쌀,R_215
메로니아,물엿,R_215
메로니아,효모,R_215
메로니아,국,R_215
메로니아,혼합제제,R_215
메로니아,아스파탐,R_215
메로니아,합성,R_215
메로니아,효소처리스테비아,R_215
메로니아,멜론농축액,R_215
심술6 막걸리,쌀,R_216
심술6 막걸리,국,R_216
심술6 막걸리,건조효모,R_216
심술6 막걸리,아스파탐,R_216
술헤는밤,쌀,R_217
술헤는밤,누룩,R_217
유자향주,쌀,R_218
유자향주,유자,R_218
유자향주,아스파탐,R_218
걍즐겨,멥쌀,R_219
걍즐겨,찹쌀,R_219
걍즐겨,누룩,R_219
걍즐겨,프렌치세종,R_219
걍즐겨,석류,R_219
걍즐겨,히비스커스,R_219
우도땅콩전통주,쌀,R_220
우도땅콩전통주,우도땅콩,R_220
배꽃담은연,쌀,R_221
배꽃담은연,효모,R_221
배꽃담은연,정제수,R_221
대대포 막걸리,쌀,R_222
대대포 막걸리,벌꿀,R_222
대대포 막걸리,정제수,R_222
대대포 막걸리,정제효소,R_222
대대포 막걸리,종국,R_222
대대포 막걸리,효모,R_222
장수 생막걸리,백미,R_223
장수 생막걸리,말토올리고당,R_223
장수 생막걸리,홍삼분말,R_223
복순도가 손막걸리,정제수,R_224
복순도가 손막걸리,쌀,R_224
복순도가 손막걸리,곡자,R_224
복순도가 손막걸리,물엿,R_224
복순도가 손막걸리,설탕,R_224
복순도가 손막걸리,아스파탐,R_224
복순도가 탁주,정제수,R_225
복순도가 탁주,쌀,R_225
복순도가 탁주,곡자,R_225
복순도가 탁주,밀,R_225
아띠,쌀,R_226
호두땅콩막걸리,물,R_227
호두땅콩막걸리,쌀,R_227
호두땅콩막걸리,고과당,R_227
호두땅콩막걸리,국,R_227
호두땅콩막걸리,땅콩,R_227
나루 생 막걸리 6도,정제수,R_228
나루 생 막걸리 6도,쌀,R_228
나루 생 막걸리 6도,국,R_228
나루 생 막걸리 6도,효모,R_228
나루 생 막걸리 11.5도,정제수,R_229
나루 생 막걸리 11.5도,쌀,R_229
나루 생 막걸리 11.5도,국,R_229
나루 생 막걸리 11.5도,효모,R_229
술공방 9.0 막걸리,정제수,R_230
술공방 9.0 막걸리,쌀,R_230
술공방 9.0 막걸리,국,R_230
술공방 9.0 막걸리,누룩,R_230
희양산 막걸리 9도,정제수,R_231
희양산 막걸리 9도,쌀,R_231
희양산 막걸리 9도,누룩,R_231
희양산 막걸리 9도,효모,R_231
희양산 막걸리 15도,정제수,R_232
희양산 막걸리 15도,쌀,R_232
희양산 막걸리 15도,누룩,R_232
희양산 막걸리 15도,효모,R_232
우렁이쌀 손막걸리 DRY,정제수,R_233
우렁이쌀 손막걸리 DRY,찹쌀,R_233
우렁이쌀 손막걸리 DRY,쌀,R_233
우렁이쌀 손막걸리 DRY,효모,R_233
우렁이쌀 손막걸리 DRY,종국,R_233
해창 막걸리 9도,햅쌀,R_234
해창 막걸리 9도,찹쌀,R_234
해창 막걸리 9도,물,R_234
해창 막걸리 9도,누룩,R_234
호모루덴스,쌀,R_235
호모루덴스,누룩,R_235
호모루덴스,정제수,R_235
동래아들,정제수,R_236
동래아들,찹쌀,R_236
동래아들,맵쌀,R_236
동래아들,밀누룩,R_236
야관문 쌀 막걸리,팽화미,R_237
야관문 쌀 막걸리,입국,R_237
야관문 쌀 막걸리,효모,R_237
야관문 쌀 막걸리,곡자,R_237
야관문 쌀 막걸리,정제수,R_237
야관문 쌀 막걸리,야관문잎,R_237
야관문 쌀 막걸리,줄기,R_237
야관문 쌀 막걸리,추출액,R_237
지리산 허브잎술 쌀 막걸리,쌀,R_238
지리산 허브잎술 쌀 막걸리,입국,R_238
지리산 허브잎술 쌀 막걸리,정제수,R_238
지리산 허브잎술 쌀 막걸리,효모,R_238
지리산 허브잎술 쌀 막걸리,곡자,R_238
지리산 허브잎술 쌀 막걸리,허브,R_238
풍정사계 추(秋),풍정사계,R_239
풍정사계 추(秋),추,R_239
별산막걸리,정제수,R_240
별산막걸리,쌀,R_240
별산막걸리,입국,R_240
별산막걸리,효모,R_240
별산막걸리,당류가공품,R_240
영탁막걸리,정제수,R_241
영탁막걸리,백미,R_241
영탁막걸리,입국,R_241
영탁막걸리,물엿,R_241
영탁막걸리,올리고당,R_241
영탁막걸리,누룩,R_241
영탁막걸리,효모,R_241
영탁막걸리,아스파탐,R_241
연오랑탁주,정제수,R_242
연오랑탁주,쌀,R_242
연오랑탁주,누룩,R_242
연오랑탁주,효모,R_242
연오랑탁주,조제종국,R_242
연오랑탁주,정제효소제,R_242
동해동동주,쌀,R_243
세오녀탁주,정제수,R_244
세오녀탁주,쌀,R_244
세오녀탁주,누룩,R_244
세오녀탁주,효모,R_244
세오녀탁주,조제종국,R_244
세오녀탁주,정제효소제,R_244
구름을 벗삼아,백미,R_245
구름을 벗삼아,우리밀,R_245
구름을 벗삼아,전통누룩,R_245
지평 이랑이랑,정제수,R_246
지평 이랑이랑,쌀,R_246
지평 이랑이랑,자일리톨,R_246
지평 이랑이랑,국,R_246
지평 이랑이랑,효모,R_246
지평 이랑이랑,레몬농축액,R_246
지평 이랑이랑,허브류,R_246
씨(C) 막걸리 시그니처 큐베,쌀,R_247
씨(C) 막걸리 시그니처 큐베,물,R_247
씨(C) 막걸리 시그니처 큐베,누룩,R_247
씨(C) 막걸리 시그니처 큐베,노간주나무열매,R_247
씨(C) 막걸리 시그니처 큐베,건포도,R_247
씨(C) 옐로막걸리,쌀,R_248
씨(C) 옐로막걸리,물,R_248
씨(C) 옐로막걸리,누룩,R_248
씨(C) 옐로막걸리,당근,R_248
씨(C) 옐로막걸리,레몬그라스,R_248
씨(C) 그린막걸리,쌀,R_249
씨(C) 그린막걸리,물,R_249
씨(C) 그린막걸리,누룩,R_249
씨(C) 그린막걸리,케일,R_249
씨(C) 그린막걸리,개똥쑥,R_249
담은,쌀,R_250
담은,입국,R_250
담은,효모,R_250
담은,고과당,R_250
담은,정제효소제,R_250
담은,정제수,R_250
호랑이 생 막걸리,물,R_251
호랑이 생 막걸리,쌀,R_251
호랑이 생 막걸리,에리스리톨,R_251
호랑이 생 막걸리,효모,R_251
호랑이 생 막걸리,국,R_251
호랑이 생 막걸리,밀,R_251
이화백주 순탁주,정제수,R_252
이화백주 순탁주,쌀,R_252
이화백주 순탁주,누룩,R_252
이화백주 순탁주,설탕,R_252
이화백주 순탁주,물엿,R_252
이화백주 순탁주,밀,R_252
이화백주 순탁주,아스파탐,R_252
시향가,물,R_253
시향가,쌀,R_253
시향가,건조토란,R_253
시향가,국,R_253
시향가,효모,R_253
시향가,밀,R_253
장홍삼 장수 막걸리,백미,R_254
장홍삼 장수 막걸리,말토올리고당,R_254
장홍삼 장수 막걸리,홍삼분말,R_254
맑은내일 발효 막걸리,정제수,R_255
맑은내일 발효 막걸리,백미,R_255
맑은내일 발효 막걸리,누룩,R_255
맑은내일 발효 막걸리,정제효소,R_255
맑은내일 발효 막걸리,아스파탐,R_255
맑은내일 발효 막걸리,밀,R_255
만강에 비친 달,홍천쌀,R_256
만강에 비친 달,단호박,R_256
만강에 비친 달,곡자,R_256
역전주,정제수,R_257
역전주,멥쌀,R_257
역전주,찹쌀,R_257
역전주,누룩,R_257
인생막걸리,정제수,R_258
인생막걸리,팽화미,R_258
인생막걸리,팽화밀가루,R_258
인생막걸리,말토올리고당,R_258
인생막걸리,국,R_258
인생막걸리,혼합제제효모,R_258
인생막걸리,아스파탐,R_258
볼빨간막걸리 7,정제수,R_259
볼빨간막걸리 7,찹쌀,R_259
볼빨간막걸리 7,누룩,R_259
백년향,쌀,R_260
백년향,누룩,R_260
백년향,정제수,R_260
도깨비술 11,정제수,R_261
도깨비술 11,쌀,R_261
도깨비술 11,국,R_261
도깨비술 11,효모,R_261
토끼구름,정제수,R_262
토끼구름,쌀,R_262
토끼구름,올리고당,R_262
토끼구름,전분,R_262
토끼구름,조효소제,R_262
토끼구름,혼합제제,R_262
아임프리,정제수,R_263
아임프리,쌀,R_263
아임프리,국,R_263
아임프리,효모,R_263
다랭이팜 생막걸리,지하정제수,R_264
다랭이팜 생막걸리,분도쌀,R_264
다랭이팜 생막걸리,찹쌀,R_264
다랭이팜 생막걸리,혼합제제,R_264
다랭이팜 생막걸리,누룩,R_264
손가네 태종대 개똥쑥생막걸리,정제수,R_265
손가네 태종대 개똥쑥생막걸리,쌀,R_265
손가네 태종대 개똥쑥생막걸리,태종대개똥쑥추출물,R_265
손가네 태종대 개똥쑥생막걸리,입국,R_265
손가네 태종대 개똥쑥생막걸리,누룩,R_265
손가네 태종대 개똥쑥생막걸리,정제효소,R_265
손가네 태종대 개똥쑥생막걸리,이소말토올리고당,R_265
손가네 태종대 개똥쑥생막걸리,아스파탐,R_265
손가네 태종대 개똥쑥생막걸리,효모,R_265
동백우리쌀생막걸리,정제수,R_266
동백우리쌀생막걸리,쌀,R_266
동백우리쌀생막걸리,소맥분,R_266
동백우리쌀생막걸리,물엿,R_266
동백우리쌀생막걸리,곡자,R_266
동백우리쌀생막걸리,효모,R_266
동백우리쌀생막걸리,조제종국,R_266
동백우리쌀생막걸리,정제효소,R_266
동백우리쌀생막걸리,아스파탐,R_266
다랭이팜 유자 막걸리,정제수,R_267
다랭이팜 유자 막걸리,분도쌀,R_267
다랭이팜 유자 막걸리,친환경유자원액,R_267
다랭이팜 유자 막걸리,혼합제과,R_267
다랭이팜 유자 막걸리,누룩,R_267
황감찰,쌀,R_268
황감찰,찹쌀,R_268
황감찰,누룩,R_268
황감찰,효모,R_268
황감찰,정제수,R_268
양지백주,쌀,R_269
양지백주,누룩,R_269
양지백주,효모,R_269
양지백주,정제수,R_269
우곡생주,쌀,R_270
우곡생주,누룩,R_270
우곡생주,효모,R_270
우곡생주,정제수,R_270
기다림 16,찹쌀,R_271
기다림 16,흑미,R_271
기다림 16,곡자,R_271
기다림 16,정제수,R_271
기다림 25,백미,R_272
기다림 25,찹쌀,R_272
기다림 25,곡자,R_272
기다림 25,정제수,R_272
기다림 34,멥쌀,R_273
기다림 34,찹쌀,R_273
기다림 34,곡자,R_273
기다림 34,정제수,R_273
까메오 막걸리,정제수,R_274
까메오 막걸리,쌀,R_274
까메오 막걸리,효모,R_274
까메오 막걸리,누룩,R_274
까메오 막걸리,과당,R_274
도깨비술 9,멥쌀,R_275
도깨비술 9,누룩,R_275
도깨비술 9,효모,R_275
도깨비술 9,정제수,R_275
도깨비술 7,멥쌀,R_276
도깨비술 7,누룩,R_276
도깨비술 7,효모,R_276
도깨비술 7,정제수,R_276
매실 막걸리,쌀,R_277
매실 막걸리,매실과즙,R_277
방문주 탁주,찹쌀,R_278
방문주 탁주,누룩,R_278
방문주 탁주,정제수,R_278
바랑 탁,찹쌀,R_279
바랑 탁,멥쌀,R_279
바랑 탁,누룩,R_279
바랑 탁,소맥분,R_279
바랑 탁,정제수,R_279
미생 막걸리,쌀,R_280
미생 막걸리,누룩,R_280
미생 막걸리,효모,R_280
미생 막걸리,정제효소,R_280
미생 막걸리,정제수,R_280
문삼이공(moon320) 잣 주,찹쌀,R_281
문삼이공(moon320) 잣 주,멥쌀,R_281
문삼이공(moon320) 잣 주,누룩,R_281
문삼이공(moon320) 잣 주,잣,R_281
문삼이공(moon320) 잣 주,정제수,R_281
병영설성 동동주,쌀,R_282
병영설성 동동주,전분,R_282
병영설성 동동주,효모,R_282
병영설성 동동주,누룩,R_282
병영설성 동동주,정제수,R_282
병영설성 생막걸리,쌀,R_283
병영설성 생막걸리,효모,R_283
병영설성 생막걸리,누룩,R_283
병영설성 생막걸리,정제수,R_283
볼빨간막걸리 10,찹쌀,R_284
볼빨간막걸리 10,누룩,R_284
볼빨간막걸리 10,정제수,R_284
봉하쌀 생막걸리,쌀,R_285
봉하쌀 생막걸리,정제효소,R_285
봉하쌀 생막걸리,효모,R_285
봉하쌀 생막걸리,아스파탐,R_285
봉하쌀 생막걸리,정제수,R_285
산막 생유 막걸리,쌀,R_286
산막 생유 막걸리,소맥분,R_286
산막 생유 막걸리,종국,R_286
산막 생유 막걸리,효모,R_286
산정호수 동정춘막걸리,쌀,R_287
산정호수 동정춘막걸리,누룩,R_287
산정호수 동정춘막걸리,정제수,R_287
삼선,쌀,R_288
삼선,누룩,R_288
삼선,정제수,R_288
생 청주 막걸리,쌀,R_289
생 청주 막걸리,소맥분,R_289
생 청주 막걸리,국,R_289
생 청주 막걸리,조제종국,R_289
생 청주 막걸리,효모,R_289
생 청주 막걸리,물엿,R_289
석탄주 탁주,찹쌀,R_290
석탄주 탁주,누룩,R_290
석탄주 탁주,정제수,R_290
선운산의 아침 복분자 막걸리,복분자,R_291
선운산의 아침 복분자 막걸리,쌀,R_291
선운산의 아침 복분자 막걸리,효모,R_291
선운산의 아침 복분자 막걸리,국,R_291
선운산의 아침 복분자 막걸리,과당,R_291
선운산의 아침 복분자 막걸리,정제수,R_291
설성 만월 막걸리,정제수,R_292
설성 만월 막걸리,쌀,R_292
설성 만월 막걸리,누룩,R_292
설성 만월 막걸리,올리고당,R_292
설하담,멥쌀,R_293
설하담,개량,R_293
설하담,누룩,R_293
설하담,정제수,R_293
성포 생막걸리,쌀,R_294
성포 생막걸리,소맥분,R_294
성포 생막걸리,전분당,R_294
성포 생막걸리,정제수,R_294
성포 생막걸리,무농약,R_294
성포 생막걸리,미나리추출액,R_294
성포 생막걸리,정제효소,R_294
성포 생막걸리,종국,R_294
성포 생막걸리,효모,R_294
성포 생막걸리,아스파탐,R_294
세종대왕어주 탁주,쌀,R_295
세종대왕어주 탁주,누룩,R_295
세종대왕어주 탁주,정제수,R_295
소양강 생 막걸리,백미,R_296
소양강 생 막걸리,소맥분,R_296
소양강 생 막걸리,정제수,R_296
소양강 생 막걸리,팽화미,R_296
소양강 생 막걸리,아스파탐,R_296
소양강 생 막걸리,물엿,R_296
소양강 생 막걸리,정제수,R_296
아이싱 자몽,쌀,R_297
아이싱 자몽,자몽엑기스,R_297
얼떨결에,쌀,R_298
얼떨결에,정제수,R_298
얼떨결에,정제효소,R_298
얼떨결에,효모,R_298
얼떨결에,기타과장,R_298
얼떨결에,곡자,R_298
연천 아주,쌀,R_299
연천 아주,누룩,R_299
연천 아주,정제수,R_299
영일만친구 막걸리,쌀,R_300
영일만친구 막걸리,물엿,R_300
영일만친구 막걸리,우뭇가사리,R_300
영일만친구 막걸리,효모,R_300
영일만친구 막걸리,조제,R_300
영일만친구 막걸리,종국,R_300
영일만친구 막걸리,정제효소제,R_300
영일만친구 막걸리,아스파탐,R_300
오곡 진상주,쌀,R_301
오곡 진상주,밀,R_301
오곡 진상주,보리,R_301
오곡 진상주,옥수수,R_301
오곡 진상주,조,R_301
오매백주,쌀,R_302
오매백주,국,R_302
오매백주,효모,R_302
오매백주,정제수,R_302
가야 프리미엄 막걸리,김해,R_303
가야 프리미엄 막걸리,쌀,R_303
오미자 생막걸리,정제수,R_304
오미자 생막걸리,백미,R_304
오미자 생막걸리,입국,R_304
오미자 생막걸리,올리고당,R_304
오미자 생막걸리,물엿,R_304
오미자 생막걸리,허브,R_304
오미자 생막걸리,오미자,R_304
오미자 생막걸리,정제효소,R_304
오미자 생막걸리,아스파탐,R_304
오산막걸리,쌀,R_305
오산막걸리,국,R_305
오산막걸리,효모,R_305
오산막걸리,정제수,R_305
행운 생유자 동동주,쌀,R_306
행운 생유자 동동주,소맥분,R_306
행운 생유자 동동주,전분당,R_306
행운 생유자 동동주,정제수,R_306
행운 생유자 동동주,유자과즙,R_306
행운 생유자 동동주,치자,R_306
행운 생유자 동동주,정제효소,R_306
행운 생유자 동동주,종국,R_306
행운 생유자 동동주,효모,R_306
행운 생유자 동동주,아스파탐,R_306
율무 동동주,쌀,R_307
율무 동동주,누룩,R_307
율무 동동주,효모,R_307
율무 동동주,연천,R_307
율무 동동주,율무,R_307
율무 동동주,정제수,R_307
이동 생 쌀 막걸리,정제수,R_308
이동 생 쌀 막걸리,백미,R_308
이동 생 쌀 막걸리,팽화미,R_308
이동 생 쌀 막걸리,입국,R_308
이동 생 쌀 막걸리,아스파탐,R_308
만세 보령주,정제수,C_001
만세 보령주,백미,C_001
만세 보령주,찹쌀,C_001
만세 보령주,누록,C_001
대담 15,쌀,C_002
대담 15,전통,C_002
대담 15,누룩,C_002
대담 15,물,C_002
대담 15,대잎,C_002
화전일취18 백화,쌀,C_003
화전일취18 백화,누룩,C_003
화전일취18 백화,정제수,C_003
화전일취18 백화,꽃,C_003
천상문,찹쌀,C_004
천상문,누룩,C_004
천상문,멥쌀,C_004
천상문,들국화,C_004
천상문,메주콩,C_004
천상문,생강,C_004
천상문,홍고추,C_004
감싸주는날,찹쌀,C_005
감싸주는날,맵쌀,C_005
감싸주는날,국화,C_005
감싸주는날,누룩,C_005
감싸주는날,정제수,C_005
감싸주는날,효모,C_005
화전일취 15,찹쌀,C_006
화전일취 15,멥쌀,C_006
화전일취 15,전통누룩,C_006
화전일취 15,정제수,C_006
호산춘,멥쌀,C_007
호산춘,찹쌀,C_007
호산춘,정재수,C_007
호산춘,누룩,C_007
호산춘,솔잎,C_007
호산춘,밀,C_007
청혼 블루,쌀,C_008
청혼 블루,밀누룩,C_008
청혼 블루,국,C_008
청혼 블루,효모,C_008
자자헌주,정제수,C_009
자자헌주,멥쌀,C_009
자자헌주,석이버섯약재추출물,C_009
자자헌주,누룩,C_009
자자헌주,효모,C_009
한산소곡주 생주,멥쌀,C_010
한산소곡주 생주,찹쌀,C_010
한산소곡주 생주,누룩,C_010
한산소곡주 생주,효모,C_010
한산소곡주 생주,정제수,C_010
장보고의 꿈 황칠약주,정제수,C_011
장보고의 꿈 황칠약주,햅쌀,C_011
장보고의 꿈 황칠약주,국,C_011
장보고의 꿈 황칠약주,효모,C_011
일오백화이트,찹쌀,C_012
일오백화이트,백미,C_012
일오백화이트,누룩,C_012
일오백화이트,정제수,C_012
일오백화이트,야국,C_012
일오백화이트,메주콩,C_012
일오백화이트,생강,C_012
일오백화이트,홍고추,C_012
대천바다 금빛,찹쌀,C_013
대천바다 금빛,밀,C_013
대천바다 금빛,누룩,C_013
하타,쌀,C_014
하타,쌀입국,C_014
하타,효모,C_014
하타,정제수,C_014
한청,정제수,C_015
한청,철원오대미,C_015
한청,정제효소제,C_015
한청,효모,C_015
한청,정제주정,C_015
한청,기타과당,C_015
별,올벼찹쌀,C_016
별,누룩,C_016
별,효모,C_016
별,정제수,C_016
복순도가 과하주,쌀,C_017
복순도가 과하주,곡자,C_017
복순도가 과하주,정제수,C_017
과하주 온,찹쌀,C_018
과하주 온,정제수,C_018
과하주 온,누룩,C_018
과하주 온,더덕,C_018
과하주 온,주정,C_018
오마이갓스파클링,정제수,C_019
오마이갓스파클링,목련발효청,C_019
오마이갓스파클링,쌀,C_019
오마이갓스파클링,입국,C_019
오마이갓스파클링,쌀보리,C_019
오마이갓스파클링,고구마,C_019
오마이갓스파클링,누룩,C_019
오마이갓스파클링,효모,C_019
오마이갓스파클링,정제효소,C_019
미나리싱싱주,쌀,C_020
미나리싱싱주,찹쌀,C_020
미나리싱싱주,미나리,C_020
미나리싱싱주,국,C_020
미나리싱싱주,종국,C_020
미나리싱싱주,효모,C_020
미나리싱싱주,과당,C_020
미나리싱싱주,아스파탐,C_020
청혼골드,쌀,C_021
청혼골드,밀누룩,C_021
청혼골드,국,C_021
청혼골드,효모,C_021
청혼골드,증류소주,C_021
담골드,쌀,C_022
담골드,정제수,C_022
담골드,우리밀누룩,C_022
메들리아카시아,꿀,C_023
메들리아카시아,물,C_023
메들리아카시아,효모,C_023
맑은내일 유자,정제수,C_024
맑은내일 유자,쌀,C_024
맑은내일 유자,입국,C_024
맑은내일 유자,쌀,C_024
맑은내일 유자,주정,C_024
맑은내일 유자,유자과즙,C_024
맑은내일 유자,기타과당,C_024
맑은내일 유자,누룩,C_024
맑은내일 유자,밀,C_024
맑은내일 유자,효모,C_024
맑은내일 유자,아밀라아제,C_024
삼양춘 스파클링,정제수,C_025
삼양춘 스파클링,쌀,C_025
삼양춘 스파클링,전통누룩,C_025
삼양춘 스파클링,효모,C_025
삼양춘 스파클링,정제효소제,C_025
느린마을 약주,정제수,C_026
느린마을 약주,쌀,C_026
느린마을 약주,기타과당,C_026
느린마을 약주,설탕,C_026
느린마을 약주,국,C_026
느린마을 약주,곡자,C_026
느린마을 약주,조효소제,C_026
느린마을 약주,정제효소제,C_026
느린마을 약주,건조효모,C_026
서설,쌀,C_027
서설,쌀누룩주정,C_027
서설,설탕,C_027
서설,효모,C_027
서설,정제수,C_027
지란지교 약주,찹쌀멥,C_028
지란지교 약주,쌀,C_028
지란지교 약주,전통누룩,C_028
지란지교 약주,정제수,C_028
지란지교 약주,밀,C_028
주교주,쌀,C_029
주교주,누룩,C_029
주교주,정제수,C_029
주교주,정제효소,C_029
주교주,효모,C_029
일지춘,철원오대쌀,C_030
일지춘,찹쌀,C_030
일지춘,누룩,C_030
일지춘,정제수,C_030
일엽편주,찹쌀,C_031
일엽편주,멥쌀,C_031
일엽편주,누룩,C_031
일엽편주,정제수,C_031
일엽편주,밀,C_031
오 마이 갓,정제수,C_032
오 마이 갓,쌀,C_032
오 마이 갓,입국,C_032
오 마이 갓,전통누룩,C_032
오 마이 갓,백설탕,C_032
오 마이 갓,백목련꽃잎,C_032
오 마이 갓,효모,C_032
복단지 350,쌀,C_033
복단지 350,정제수,C_033
복단지 350,복분자,C_033
복단지 350,누룩,C_033
보리수헤는밤,쌀,C_034
보리수헤는밤,보리수,C_034
보리수헤는밤,매실,C_034
보리수헤는밤,홍국쌀,C_034
보리수헤는밤,누룩밀,C_034
보리수헤는밤,정제효소제,C_034
보리수헤는밤,효모,C_034
보리수헤는밤,설탕,C_034
보리수헤는밤,조제종국,C_034
보리수헤는밤,정제수,C_034
매화깊은밤,쌀,C_035
매화깊은밤,매실,C_035
매화깊은밤,누룩밀,C_035
매화깊은밤,정제효소제,C_035
매화깊은밤,효모,C_035
매화깊은밤,설탕,C_035
매화깊은밤,조제종국,C_035
매화깊은밤,정제수,C_035
고흥유자주 봄에디션,쌀,C_036
고흥유자주 봄에디션,입국,C_036
고흥유자주 봄에디션,누룩,C_036
고흥유자주 봄에디션,유자,C_036
고흥유자주 봄에디션,원당,C_036
맑은내일 운암1945,정제수,C_037
맑은내일 운암1945,쌀,C_037
맑은내일 운암1945,누룩,C_037
맑은내일 운암1945,효소제,C_037
경산대추약주 추,찹쌀,C_038
경산대추약주 추,맵쌀,C_038
경산대추약주 추,누룩,C_038
경산대추약주 추,대추,C_038
이상헌 약주,쌀,C_039
이상헌 약주,쌀,C_039
이상헌 약주,국,C_039
이상헌 약주,정제수,C_039
정고집 나주배 약주 15%,쌀,C_040
정고집 나주배 약주 15%,쌀가루,C_040
정고집 나주배 약주 15%,배착즙액,C_040
정고집 나주배 약주 15%,정제효소제,C_040
정고집 나주배 약주 15%,종국,C_040
정고집 나주배 약주 15%,효모,C_040
정고집 나주배 약주 9%,쌀,C_041
정고집 나주배 약주 9%,쌀가루,C_041
정고집 나주배 약주 9%,배착즙액,C_041
정고집 나주배 약주 9%,정제효소제,C_041
정고집 나주배 약주 9%,종국,C_041
정고집 나주배 약주 9%,효모,C_041
조선주조사,쌀,C_042
조선주조사,입국,C_042
조선주조사,누룩,C_042
조선주조사,주정,C_042
조선주조사,정제수,C_042
하얀연꽃 백련맑은 술,쌀,C_043
하얀연꽃 백련맑은 술,백련잎,C_043
천안연미주,쌀,C_044
산막생대덕주,찹쌀,C_045
산막생대덕주,누룩,C_045
금산인삼주 12.5%,쌀,C_046
금산인삼주 12.5%,인삼,C_046
가야곡왕주,쌀,C_047
가야곡왕주,야생,C_047
가야곡왕주,국화,C_047
가야곡왕주,구기자,C_047
가야곡왕주,오미자,C_047
가야곡왕주,솔잎,C_047
가야곡왕주,매실,C_047
민들레대포,쌀,C_048
민들레대포,누룩,C_048
민들레대포,민들레,C_048
만품 산삼가득,쌀,C_049
만품 산삼가득,국내,C_049
만품 산삼가득,산삼,C_049
황진이주,오미자,C_050
황진이주,산수유,C_050
대통주,쌀,C_051
대통주,매실농축액,C_051
대통주,대나무잎,C_051
해남진양주,찹쌀,C_052
노미,찹쌀,C_053
노미,쌀,C_053
김포예주,쌀,C_054
김포예주,옥전분,C_054
자희향 국화주,쌀,C_055
보성 강하주,찹쌀,C_056
한산소곡주,찹쌀,C_057
한산소곡주,멥쌀,C_057
성읍민속마을 오메기술,좁쌀,C_058
성읍민속마을 오메기술,누룩,C_058
하향주,찹쌀,C_059
솔송주,백미,C_060
솔송주,솔잎,C_060
솔송주,송순,C_060
경주교동법주,찹쌀,C_061
청명주,쌀,C_062
사임주,찹쌀,C_063
사임주,멥쌀,C_063
감사,쌀,C_064
감사,누룩,C_064
감사,정제수,C_064
청양둔송구기주,쌀,C_065
청양둔송구기주,누룩,C_065
청양둔송구기주,구기자,C_065
청양둔송구기주,감초,C_065
청양둔송구기주,두충껍질,C_065
오메기 맑은술,좁쌀,C_066
오메기 맑은술,햅쌀,C_066
오메기 맑은술,정제수,C_066
오메기 맑은술,누룩,C_066
동몽,홍천,C_067
동몽,쌀,C_067
동몽,정제수,C_067
동몽,단호박,C_067
동몽,국,C_067
감사블루,쌀,C_068
감사블루,누룩,C_068
감사블루,효모,C_068
감사블루,정제수,C_068
백련 맑은술,백미,C_069
백련 맑은술,정제수,C_069
백련 맑은술,물엿,C_069
백련 맑은술,과당,C_069
백련 맑은술,누룩,C_069
백련 맑은술,백련잎,C_069
백련 맑은술,누룩,C_069
청명주 750,찹쌀,C_070
청명주 750,누룩,C_070
청명주 750,소맥분,C_070
니모메,백미,C_071
니모메,누룩,C_071
니모메,감귤,C_071
니모메,진피,C_071
니모메,효모,C_071
능이주,쌀,C_072
능이주,능이농축액,C_072
능이주,누룩,C_072
능이주,정제수,C_072
송이주,쌀,C_073
송이주,송이농축액,C_073
송이주,누룩,C_073
송이주,정제수,C_073
밤꽃향기,쌀,C_074
밤꽃향기,밤,C_074
밤꽃향기,누룩,C_074
밤꽃향기,정제수,C_074
청진주,찹쌀,C_075
청진주,누룩,C_075
청진주,정제수,C_075
아황주,찹쌀,C_076
아황주,멥쌀,C_076
아황주,누룩,C_076
아황주,정제수,C_076
미인약주,찹쌀,C_077
미인약주,누룩,C_077
미인약주,정제수,C_077
삼양춘 생약주,강화섬쌀,C_078
삼양춘 생약주,전통누룩,C_078
삼양춘 생약주,정제수,C_078
김포예주 프리미엄,쌀,C_079
김포예주 프리미엄,국,C_079
김포예주 프리미엄,효모,C_079
김포예주 프리미엄,정제수,C_079
김포약주,옥수수,C_080
김포약주,전분,C_080
김포약주,밀,C_080
김포약주,국,C_080
김포약주,효모,C_080
김포약주,효소제,C_080
김포약주,정제수,C_080
김포별주,쌀,C_081
김포별주,옥수수,C_081
김포별주,전분,C_081
김포별주,국,C_081
김포별주,효모,C_081
김포별주,효소제,C_081
김포별주,정제수,C_081
석로주,쌀,C_082
석로주,석이버섯,C_082
석로주,누룩,C_082
석로주,효모,C_082
석로주,정제수,C_082
김포특주,쌀,C_083
김포특주,효모,C_083
김포특주,정제효소,C_083
김포특주,정제수,C_083
김포특주,프락토올리고당,C_083
술아 매화주,찹쌀,C_084
술아 매화주,누룩,C_084
술아 매화주,정제수,C_084
술아 매화주,주정,C_084
술아 매화주,매화꽃,C_084
술아 연화주,찹쌀,C_085
술아 연화주,누룩,C_085
술아 연화주,건조연화꽃,C_085
술아 연화주,증류주,C_085
술아 연화주,정제수,C_085
술아 국화주,찹쌀,C_086
술아 국화주,누룩,C_086
술아 국화주,건조국화꽃,C_086
술아 국화주,증류주,C_086
술아 국화주,정제수,C_086
술아 순곡주,찹쌀,C_087
술아 순곡주,누룩,C_087
술아 순곡주,증류주,C_087
술아 순곡주,정제수,C_087
사시통음주,쌀,C_088
사시통음주,누룩,C_088
사시통음주,밀가루,C_088
천비향 오양주 약주,쌀,C_089
천비향 오양주 약주,누룩,C_089
경성과하주,찹쌀,C_090
경성과하주,누룩,C_090
경성과하주,정제수,C_090
경성과하주,쌀증류원액,C_090
모월 연,쌀,C_091
모월 연,밀누룩,C_091
양촌 우렁이쌀 청주,무농약우렁이찹쌀,C_092
양촌 우렁이쌀 청주,우렁이,C_092
양촌 우렁이쌀 청주,쌀,C_092
양촌 우렁이쌀 청주,정제수,C_092
양촌 우렁이쌀 청주,종국,C_092
양촌 우렁이쌀 청주,효모,C_092
복단지,쌀,C_093
복단지,누룩,C_093
복단지,정제수,C_093
복단지,복분자,C_093
세종대왕어주 약주,쌀,C_094
세종대왕어주 약주,누룩,C_094
세종대왕어주 약주,정제수,C_094
원조소곡주,찹쌀,C_095
원조소곡주,누룩,C_095
유기농이도 14,물,C_096
유기농이도 14,쌀,C_096
유기농이도 14,국,C_096
유기농이도 14,누룩,C_096
삼양춘 청주,정제수,C_097
삼양춘 청주,찹쌀,C_097
삼양춘 청주,맵쌀,C_097
삼양춘 청주,누룩,C_097
풍정사계 춘(春),찹쌀,C_098
풍정사계 춘(春),향온곡,C_098
맑은바당,쌀,C_099
맑은바당,국,C_099
오메기술,쌀,C_100
오메기술,차조,C_100
오메기술,입국,C_100
오메기술,누룩,C_100
오메기술,효모,C_100
오메기술,효소,C_100
오메기술,청호,C_100
오메기술,조릿대,C_100
오메기술,감초,C_100
오메기술,정제수,C_100
동짓달 기나긴 밤,찹쌀,C_101
동짓달 기나긴 밤,맵쌀,C_101
동짓달 기나긴 밤,복분자,C_101
동짓달 기나긴 밤,전통누룩,C_101
동짓달 기나긴 밤,정제수,C_101
복순도가 약주,정제수,C_102
복순도가 약주,쌀,C_102
복순도가 약주,곡자,C_102
지란지교,찹쌀,C_103
지란지교,멥쌀,C_103
지란지교,전통누룩,C_103
지란지교,정제수,C_103
순향주,쌀,C_104
순향주,누룩,C_104
순향주,정제수,C_104
라이스퐁당,정제수,C_105
라이스퐁당,찹쌀,C_105
라이스퐁당,누룩,C_105
라이스퐁당,삼지구엽초,C_105
라이스퐁당,감초,C_105
심술 7,정제수,C_106
심술 7,옥수수전분,C_106
심술 7,기타과당,C_106
심술 7,백설탕,C_106
심술 7,주정,C_106
심술 7,과채가공품,C_106
심술 7,국,C_106
심술 7,활성건조효모,C_106
심술 10,정제수,C_107
심술 10,옥수수전분,C_107
심술 10,기타과당,C_107
심술 10,백설탕,C_107
심술 10,주정,C_107
심술 10,과채가공품,C_107
심술 10,국,C_107
심술 10,활성건조효모,C_107
지리산 강쇠,정제수,C_108
지리산 강쇠,쌀,C_108
지리산 강쇠,누룩,C_108
지리산 강쇠,오가피,C_108
지리산 강쇠,산수유,C_108
지리산 강쇠,오미자,C_108
지리산 강쇠,정백당,C_108
지리산 강쇠,정제효소,C_108
지리산 강쇠,야관문,C_108
여민락주,쌀,C_109
여민락주,누룩,C_109
여민락주,효모,C_109
여민락주,정제수,C_109
그리움,쌀,C_110
그리움,누룩,C_110
그리움,효모,C_110
그리움,정제수,C_110
감자술 13%,백미,C_111
감자술 13%,감자,C_111
감자술 13%,누룩,C_111
감자술 13%,효모,C_111
감자술 13%,정제수,C_111
구기홍주 14,쌀,C_112
구기홍주 14,국,C_112
구기홍주 14,구기자추출액,C_112
구기홍주 14,올리고당,C_112
구기홍주 14,효모,C_112
구기홍주 14,효소,C_112
구기홍주 14,정제수,C_112
기다림 맑은술,멥쌀,C_113
기다림 맑은술,찹쌀,C_113
기다림 맑은술,곡자,C_113
기다림 맑은술,정제수,C_113
녹파주,찹쌀,C_114
녹파주,멥쌀,C_114
녹파주,누룩,C_114
녹파주,정제수,C_114
대윤 가야곡 왕주,쌀,C_115
대윤 가야곡 왕주,누룩,C_115
대윤 가야곡 왕주,효모,C_115
대윤 가야곡 왕주,물엿,C_115
대윤 가야곡 왕주,정제수,C_115
대통대잎술,쌀,C_116
대통대잎술,누룩,C_116
대통대잎술,갈근,C_116
대통대잎술,구기자,C_116
대통대잎술,솔잎,C_116
대통대잎술,진피,C_116
동학 1957,쌀,C_117
동학 1957,효모,C_117
동학 1957,정제효소제,C_117
동학 1957,국,C_117
동학 1957,주정,C_117
동학 1957,정제수,C_117
마주 소곡주,찹쌀,C_118
마주 소곡주,백미,C_118
마주 소곡주,모싯잎,C_118
마주 소곡주,우리밀,C_118
마주 소곡주,누룩,C_118
마주 소곡주,정제수,C_118
마주 소곡주,효모,C_118
맑은 문희주,찹쌀,C_119
맑은 문희주,멥쌀,C_119
맑은 문희주,전통누룩,C_119
맑은 문희주,정제수,C_119
맑은내일 우포,쌀,C_120
맑은내일 우포,옥수수전분,C_120
맑은내일 우포,효모,C_120
맑은내일 우포,누룩,C_120
맑은내일 우포,양파,C_120
맑은내일 우포,정제수,C_120
맑은술 해밀,쌀,C_121
맑은술 해밀,누룩,C_121
맑은술 해밀,정제수,C_121
매실향기 담은 술,쌀,C_122
매실향기 담은 술,효모,C_122
매실향기 담은 술,물엿,C_122
매실향기 담은 술,아스파탐,C_122
매실향기 담은 술,정제수,C_122
면천두견주 360,찹쌀,C_123
면천두견주 360,누룩,C_123
면천두견주 360,진달래꽃,C_123
면천두견주 700,찹쌀,C_124
면천두견주 700,누룩,C_124
면천두견주 700,진달래꽃,C_124
명인 홍삼주,쌀,C_125
명인 홍삼주,홍삼,C_125
명인 홍삼주,누룩,C_125
명인 홍삼주,정제수,C_125
별바랑,찹쌀,C_127
별바랑,멥쌀,C_127
별바랑,누룩,C_127
별바랑,정제수,C_127
방문주 약주,찹쌀,C_128
방문주 약주,누룩,C_128
방문주 약주,정제수,C_128
모을동주 약주,쌀,C_129
모을동주 약주,조제종국,C_129
모을동주 약주,효모,C_129
모을동주 약주,정제효소,C_129
모을동주 약주,정제수,C_129
모든날에,정제수,C_130
모든날에,찹쌀,C_130
모든날에,멥쌀,C_130
모든날에,밀누룩,C_130
서주 16%,백미,C_131
서주 16%,감자,C_131
서주 16%,누룩,C_131
서주 16%,효모,C_131
서주 16%,정제수,C_131
석탄주 약주,찹쌀,C_132
석탄주 약주,누룩,C_132
석탄주 약주,정제수,C_132
설련주,백련,C_133
설련주,찹쌀,C_133
설련주,멥쌀,C_133
설련주,누룩,C_133
세종 오가닉,정제수,C_134
세종 오가닉,백미,C_134
세종 오가닉,국,C_134
세종 오가닉,효모,C_134
세종 오가닉,정제효소,C_134
신선주,쌀,C_135
신선주,능금,C_135
신선주,신선초,C_135
신선주,천궁,C_135
신선주,구기자,C_135
신선주,당귀솔잎,C_135
신선주,대추,C_135
신선주,인삼,C_135
애석,쌀,C_136
애석,누룩,C_136
애석,정제수,C_136
연천 연주,쌀,C_137
연천 연주,누룩,C_137
연천 연주,정제수,C_137
예담은 한산소곡주,찹쌀,C_138
예담은 한산소곡주,멥쌀,C_138
예담은 한산소곡주,누룩,C_138
예담은 한산소곡주,대두,C_138
예담은 한산소곡주,구절초,C_138
예화,쌀,C_139
예화,누룩,C_139
예화,효모,C_139
예화,물엿,C_139
예화,정제수,C_139
레인보우,포도,F_001
레인보우,복숭아,F_001
레인보우,블루베리,F_001
레인보우,아로니아,F_001
레인보우,사과,F_001
레인보우,자두,F_001
레인보우,머루효모,F_001
복숭아와인,복숭아원액,F_002
복숭아와인,설탕,F_002
복숭아와인,효소,F_002
애플린,효모,F_003
애플린,설탕,F_003
애플린,수크랄로스,F_003
딸기 스파클링와인,선신딸기,F_004
딸기 스파클링와인,백설탕,F_004
애플블랑,설탕,F_005
애플블랑,효모,F_005
홍시,정제수,F_006
홍시,감,F_006
홍시,홍시,F_006
홍시,액상과당,F_006
홍시,주정,F_006
홍시,설탕,F_006
홍시,효모,F_006
레돔 레드와인,포도,F_007
산머루주,머루,F_008
산머루주,설탕,F_008
산머루주,효모,F_008
산머루주,주정,F_008
산머루주,정제수,F_008
산머루주,과당,F_008
산머루주,효소처리스테비아,F_008
부안 참뽕주,정제수,F_009
부안 참뽕주,오디,F_009
부안 참뽕주,설탕,F_009
부안 참뽕주,주정,F_009
부안 참뽕주,과당,F_009
부안 참뽕주,효모,F_009
허니문배,사과즙,F_010
허니문배,배즙,F_010
허니문배,정제수,F_010
허니문배,벌꿀,F_010
허니문배,홍차,F_010
허니문배,배향,F_010
프렌치 린넨,사과즙,F_011
프렌치 린넨,정제수,F_011
프렌치 린넨,배농축과즙,F_011
프렌치 린넨,벌꿀,F_011
프렌치 린넨,청포도농축액,F_011
프렌치 린넨,레드자몽농축액,F_011
프렌치 린넨,바질,F_011
프렌치 린넨,청포도향,F_011
고창 복분자주 특4호,복분자,F_012
고창 복분자주 특4호,정제수,F_012
고창 복분자주 특4호,수정,F_012
고창 복분자주 특4호,설탕,F_012
고창 복분자주 특4호,알라닌,F_012
고창 복분자주 특4호,효모,F_012
2016년산 하미앙 스위트,산머루,F_013
2016년산 하미앙 드라이,산머루,F_014
2018년산 하미앙 오크와인,산머루,F_015
너브내 스파클링 화이트,효모,F_016
너브내 스파클링 화이트,설탕,F_016
너브내 스파클링 화이트,수트랄로스,F_016
너브내 스파클링 화이트,자일리톨,F_016
너브내 로제 스파클링,효모,F_017
너브내 로제 스파클링,설탕,F_017
너브내 로제 스파클링,수트랄로스,F_017
너브내 로제 스파클링,자일리톨,F_017
"산막와이너리, 라라",포도,F_018
"산막와이너리, 라라",백설탕,F_018
"산막와이너리, 화몽",포도,F_019
"산막와이너리, 화몽",백설탕,F_019
"산막와이너리, 비원",포도,F_020
"산막와이너리, 비원",백설탕,F_020
"산막와이너리, 비원퓨어",포도,F_021
"산막와이너리, 비원퓨어",백설탕,F_021
"산막와이너리, 아로퓨어",아로니아,F_022
"산막와이너리, 아로퓨어",백설탕,F_022
"산막와이너리, 미",포도,F_023
"산막와이너리, 미",백설탕,F_023
붉은진주 머루와인 드라이,머루,F_024
붉은진주 머루와인 스위트,머루,F_025
붉은진주 머루와인 스위트,백설탕,F_025
뱅꼬레 더감,감,F_026
뱅꼬레 더감,효모,F_026
크라테 화이트스위트,청수,F_027
크라테 미디엄드라이,산머루,F_028
고도리 아이스 와인 망고와인,머스캣베일리에이,F_029
고도리 아이스 와인 망고와인,머루포도,F_029
고도리 아이스 와인 망고와인,효모,F_029
고도리 아이스 와인 망고와인,설탕,F_029
문앞에봄,바질잎,F_030
문앞에봄,동결건조딸기분말,F_030
문앞에봄,사과즙,F_030
문앞에봄,정제수,F_030
문앞에봄,딸기퓌레,F_030
문앞에봄,설탕,F_030
문앞에봄,건조레몬그라스,F_030
문앞에봄,효모,F_030
명가원 산머루주,머루,F_031
명가원 산머루주,정제수,F_031
명가원 산머루주,주정,F_031
명가원 산머루주,설탕,F_031
명가원 산머루주,액상과당,F_031
명가원 산머루주,효모,F_031
시,딸기,F_032
시,설탕,F_032
시,효모,F_032
시,포도당,F_032
시,오크칩,F_032
김천대학교 자두사랑 자두와인,피자두,F_033
김천대학교 자두사랑 자두와인,후무사,F_033
오롯이 복숭아,복숭아,F_034
오롯이 복숭아,설탕,F_034
오롯이 복숭아,효모,F_034
로제사이더 오미한잔,사과즙,F_035
로제사이더 오미한잔,건조오미자,F_035
로제사이더 오미한잔,효모,F_035
PS 애플시드르,사과,F_036
PS 애플시드르,정제수,F_036
PS 애플시드르,백설탕,F_036
PS 애플시드르,효모,F_036
붉은진주머루와인,머루,F_037
붉은진주머루와인,정백당,F_037
너브내스파클링사과와인,사과,F_038
너브내스파클링사과와인,배,F_038
너브내스파클링사과와인,효모,F_038
너브내스파클링사과와인,설탕,F_038
너브내스파클링사과와인,수크랄로스,F_038
너브내스파클링사과와인,자일리톨,F_038
크라테 자두와인,자두,F_039
크라테 자두와인,효모,F_039
크라테 자두와인,설탕,F_039
"산막와이너리, 초련",포도,F_040
"산막와이너리, 초련",백설탕,F_040
"산막와이너리, 초련",증류주,F_040
인사이더 블루베리,사과,F_041
인사이더 블루베리,정제수,F_041
인사이더 블루베리,효모,F_041
인사이더 블루베리,설탕,F_041
인사이더 블루베리,블루베리,F_041
위 (we)레드 (2018)와인,포도,F_042
꽃 와인,포도,F_043
오계리 아이스와인,영천포도,F_044
에델 스위트와인,매실,F_045
에델 스위트와인,정제수,F_045
에델 스위트와인,정제당,F_045
에델 스위트와인,효모,F_045
에델 미디움 스위트와인,매실,F_046
에델 미디움 스위트와인,정제수,F_046
에델 미디움 스위트와인,정제당,F_046
에델 미디움 스위트와인,효모,F_046
맑은내일 Winery 단감명작,단감,F_047
맑은내일 Winery 단감명작,정제수,F_047
맑은내일 Winery 단감명작,설탕,F_047
맑은내일 Winery 단감명작,효소제,F_047
맑은내일 Winery 단감명작,효모,F_047
고도리 샤인머스캣 화이트와인,샤인머스캣,F_048
고도리 샤인머스캣 화이트와인,설탕,F_048
고도리 샤인머스캣 화이트와인,효모,F_048
소백산(샤토소백) 스위트 레드와인,포도,F_049
미르아토 로제와인,켐벨포도,F_050
고도리 로제와인,거봉,F_051
고도리 로제와인,포도,F_051
끌로너와 스위트와인,머루,F_052
포엠 화이트와인,포도,F_053
포엠 화이트와인,백설탕,F_053
포엠 화이트와인,효모,F_053
포엠 로제와인,포도,F_054
포엠 로제와인,설탕,F_054
포엠 로제와인,효모,F_054
신애유자,사과즙,F_055
신애유자,정제수,F_055
신애유자,벌꿀,F_055
신애유자,생강즙,F_055
신애유자,유자과즙,F_055
신애유자,로즈마리티,F_055
멜론서리,사과즙,F_056
멜론서리,멜론과즙,F_056
멜론서리,정제수,F_056
멜론서리,건조녹차,F_056
멜론서리,페퍼민트티,F_056
멜론서리,효모,F_056
시나브로 에뚜왈 화이트 스파클링와인,포도,F_057
소계리 595 스위트 레드와인,포도,F_058
소계리 595 스위트 레드와인,설탕,F_058
소계리 595 스위트 레드와인,효모,F_058
세인트하우스 살구와인,살구,F_059
세인트하우스 모과와인,모과,F_060
샤토미소 웨딩 자두와인,자두,F_061
샤토미소 웨딩 자두와인,설탕,F_061
샤토미소 웨딩 자두와인,효모,F_061
샤토미소 아이스와인,포도,F_062
샤토미소 아이스와인,효모,F_062
베베마루 설레임 로제 스위트와인,캠벨얼리,F_063
베리와인1168 스위트와인,포도,F_064
달 1614 스위트와인,머루,F_065
달 1614 스위트와인,포도,F_065
달 1614 스위트와인,설탕,F_065
달 1614 스위트와인,효모,F_065
루드베리,사과즙,F_066
루드베리,정제수,F_066
루드베리,딸기퓌레,F_066
루드베리,건조레몬그라스,F_066
루드베리,동결건조딸기분말,F_066
루드베리,바질잎,F_066
루드베리,효모,F_066
오크와인,산머루,F_067
산머루와인 달콤한 스위트,산머루,F_068
산머루와인 깊은맛 드라이,산머루,F_069
"코이버펑크, 샤르도네 세미용 2018",샤르도네,F_070
"코이버펑크, 샤르도네 세미용 2018",세미용,F_070
"코이버펑크, 샤르도네 세미용 2018",실바너,F_070
"코이버펑크, 머스캣 베일리 에이 2017",머스캣베일리에이,F_071
"코이버펑크, 카베르네 소비뇽 2019",카베르네소비뇽,F_072
당당하리,쌀,F_073
당당하리,홍마늘,F_073
당당하리,감초,F_073
당당하리,효모,F_073
당당하리,개량누룩,F_073
당당하리,정제효소제,F_073
당당하리,정제수,F_073
당당하리,복분자,F_073
당당하리,설탕,F_073
당당하리,올리고당,F_073
장수 오미자주,오미자,F_074
장수 오미자주,정제수,F_074
장수 오미자주,주정,F_074
장수 오미자주,설탕,F_074
장수 오미자주,효모,F_074
젤코바 스페셜와인,산머루,F_075
젤코바 스페셜와인,포도,F_075
젤코바 캠벨와인,유기농,F_076
젤코바 캠벨와인,캠벨포도,F_076
젤코바 캠벨와인,유기농,F_076
젤코바 캠벨와인,설탕,F_076
젤코바 프리미엄 와인,산머루,F_077
젤코바 프리미엄 와인,포도,F_077
명작복분자,복분자,F_078
머루이야기,머루,F_079
샤토미소 로제스위트와인,포도원액,F_080
레드듀 RED DEW,무농약머루,F_081
너와머루와인,산머루,F_082
자두와인,자두,F_083
그랑꼬또 레드와인,포도,F_084
오미로제 스파클링 와인,오미자,F_085
프리미엄 애플와인 한스오차드,사과,F_086
그랑꼬또 청수,포도,F_087
그랑꼬또 로제와인,포도,F_088
그랑꼬또 M56,포도,F_089
천매,매실,F_090
무주구천동머루와인,머루,F_091
무주구천동산머루주,머루,F_092
부안참뽕와인,정제수,F_093
부안참뽕와인,오디,F_093
부안참뽕와인,주정,F_093
부안참뽕와인,과당,F_093
두레앙와인,거봉포도,F_094
뱅꼬레 레드와인,포도,F_095
뱅꼬레 로제와인,포도,F_096
뱅꼬레 아이스와인,포도,F_097
고도리 복숭아와인,복숭아,F_098
고도리 화이트와인 드라이,거봉포도,F_099
고도리 레드와인 스위트,머루포도,F_100
고도리 청수 와인,포도,F_101
감악산 산머루주,머루원액,F_102
감악산 산머루주,주정,F_102
빙탄복,복분자,F_103
복분자음,복분자,F_104
복분자음,정제수,F_104
레드 와인 500,거봉,F_105
레드 와인 500,포도,F_105
추사 로제,사과,F_106
한스오차드 사과와인,사과,F_107
애피소드 애플,사과,F_108
애피소드 상그리아,포도와인,F_109
애피소드 상그리아,정제주정,F_109
애피소드 상그리아,정제수,F_109
애피소드 상그리아,포도농축액,F_109
애피소드 상그리아,고과당,F_109
스타베리오디,포도,F_110
고도리 화이트와인 스위트,거봉포도,F_111
고창선운산 땡큐복분자주,복분자과실,F_112
고창선운산 땡큐복분자주,주정,F_112
고창선운산 땡큐복분자주,효모,F_112
고창선운산 땡큐복분자주,정제수,F_112
고창선운산 복분자주 특1호,복분자과실,F_113
고창선운산 복분자주 특1호,주정,F_113
고창선운산 복분자주 특1호,효모,F_113
고창선운산 복분자주 특1호,정제수,F_113
쿨샷 7.5,복분자과실,F_114
쿨샷 7.5,주정,F_114
쿨샷 7.5,효모,F_114
쿨샷 7.5,정제수,F_114
고창선운산 땡큐블루베리주,블루베리과실,F_115
고창선운산 땡큐블루베리주,주정,F_115
고창선운산 땡큐블루베리주,효모,F_115
고창선운산 땡큐블루베리주,정제수,F_115
감그린 레귤러,감,F_116
감그린 스페셜,감,F_117
감그린 아이스와인,감,F_118
공주애 오디와인,오디,F_119
공주애 오디와인,정제수,F_119
공주애 오디와인,주정,F_119
공주애 오디와인,과당,F_119
공주애 오디와인,효모,F_119
추사 애플와인,사과,F_120
추사 블루베리 와인,설탕,F_121
샤토미소 레드 스위트,포도,F_122
샤토미소 레드 스위트,효모,F_122
샤토미소 레드 스위트,설탕,F_122
샤토미소 레드 드라이,산머루,F_123
샤토미소 레드 드라이,머스캣베일리에이,F_123
샤토미소 레드 드라이,캠벨얼리,F_123
여포의 꿈 (화이트),포도,F_124
초선의 꿈,포도,F_125
샤토미소 랑,청수,F_126
스파클링와인 오미로제 결,오미자,F_127
혼디주,백설탕,F_128
심술 알쓰,복분자,F_129
산머루 크라테 스위트,산머루,F_130
로제와인,포도,F_131
요새로제,사과즙,F_132
요새로제,오미자,F_132
요새로제,라즈베리차,F_132
요새로제,정제수,F_132
요새로제,효모,F_132
산머루 크라테 드라이,산머루,F_133
산머루 크라테 로제,산머루,F_134
시나브로 청수 화이트,청수,F_135
시나브로 레드 드라이,캠벨얼리,F_136
오미로제 연,오미자,F_137
오드린 베베마루 아내를 위한,캠벨얼리,F_138
레돔 시드르,사과,F_139
그랑티그르 CE2002,캠벨얼리,F_140
그랑티그르 M1988,캠벨얼리,F_141
그랑티그르 M1988,오미자,F_141
남산애 레드와인,캠벨얼리,F_142
남산애 레드와인,머스캣베일리에이,F_142
남산애 레드와인,산머루,F_142
남산애 포트와인,캠벨얼리,F_143
남산애 포트와인,머스캣베일리에이,F_143
남산애 포트와인,산머루,F_143
내장산 복분자주 지통1호,복분자,F_144
내장산 복분자주 지통1호,주정,F_144
내장산 복분자주 지통1호,정제수,F_144
내장산 복분자주 지통1호,설탕,F_144
다래와인 3004,참다래,F_145
다래와인 7004D,참다래,F_146
다래와인 7004S,참다래,F_147
대관령 복분자주,복분자,F_148
도로시 머루주,주정,F_149
레돔 내추럴 스파클링 로제와인,포도,F_150
베베마루 캠벨로제 스위트,캠벨얼리,F_151
베베마루 캠밸로제,캠벨얼리,F_152
미소 아이스,포도,F_153
미소 아이스,효모,F_153
헤베,사과와인,F_154
뱅꼬레 화이트와인,포도,F_155
명가원 복분자술,복분자,F_156
명가원 복분자술,주정,F_156
명가원 복분자술,정제수,F_156
명가원 복분자술,액상과당,F_156
명가원 복분자술,효모,F_156
명가원 복분자술,설탕,F_156
복분자주 360,복분자,F_157
복분자주 360,주정,F_157
복분자주 360,정제수,F_157
복분자주 360,설탕,F_157
복숭아와인,복숭아,F_158
복숭아와인,백설탕,F_158
복숭아와인,효모,F_158
블루베리 이야기,산머루,F_159
블루베리 이야기,블루베리,F_159
사과와인,사과,F_160
사과와인,백설탕,F_160
사과와인,효모,F_160
샹스프랑보아즈,복분자,F_161
샹스프랑보아즈,과당,F_161
샹스프랑보아즈,아스파탐,F_161
샹스프랑보아즈,주정,F_161
샹스프랑보아즈,정제수,F_161
선운산 복분자와인,복분자,F_162
선운산 복분자와인,과당,F_162
선운산 복분자와인,아스파탐,F_162
선운산 복분자와인,주정,F_162
선운산 복분자와인,정제수,F_162
선운산 복분자주,복분자,F_163
선운산 복분자주,아스파탐,F_163
선운산 복분자주 프리미엄,복분자,F_164
선운산 복분자주 프리미엄,과당,F_164
선운산 복분자주 프리미엄,아스파탐,F_164
시나브로 드 글로리아,캠벨얼리,F_165
시나브로 레드 스위트,캠벨얼리,F_166
시나브로 로제와인,캠벨얼리,F_167
시나브로 에뚜왈 로제 스파클링,캠벨얼리,F_168
여포의 꿈 레드(Dry),포도,F_169
홍시와인,감,F_170
홍시와인,효모,F_170
여포의 꿈 레드(SWEET),포도,F_171
예밀와인 레드 드라이,캠벨얼리,F_172
예밀와인 레드 스위트,캠벨얼리,F_173
예밀와인 로제,캠벨얼리,F_174
예주,복분자,F_175
예주,주정,F_175
예주,효모,F_175
예주,정제수,F_175
오가피와인,오가피,F_176
오가피와인,열매,F_176
오가피와인,백설탕,F_176
오가피와인,효모,F_176
오디랑,오디,F_177
오디랑,정제수,F_177
오디랑,과당,F_177
오디랑,주정,F_177
오디랑,효모,F_177
오미로제 프리미어와인,오미자,F_178
오미시앙 스페셜,오미자,F_179
오미시앙 스페셜,주정,F_179
오미시앙 스페셜,설탕,F_179
오미시앙 스페셜,효모,F_179
제주 감귤주,감귤증류주원액,S_001
제주 감귤주,정제수,S_001
도원결의,정제수,S_002
도원결의,증류원액,S_002
도원결의,복숭아,S_002
도원결의,복숭아향,S_002
도원결의,포도당,S_002
도원결의,효소처리스테비아,S_002
M24,정제수,S_003
M24,쌀,S_003
M24,국,S_003
M24,메밀,S_003
주향아라,쌀,S_004
주향아라,국,S_004
주향아라,효모,S_004
주향아라,정제수,S_004
주향아라,정제효모,S_004
운암 32오크,증류원액,S_005
운암 32오크,정제수,S_005
퍼플 진,진원액,S_006
퍼플 진,정제수,S_006
퍼플 진,퍼플그레리프칼라,S_006
려 고구마 소주,쌀증류소주원액,S_007
려 고구마 소주,정제수,S_007
려 고구마 소주,고구마증류소주원액,S_007
토끼소주 골드,정제수,S_008
토끼소주 골드,찹쌀,S_008
토끼소주 골드,누룩,S_008
토끼소주 골드,효모,S_008
토끼소주 골드,효소제,S_008
토끼소주 블랙,정제수,S_009
토끼소주 블랙,찹쌀,S_009
토끼소주 블랙,누룩,S_009
토끼소주 블랙,효모,S_009
토끼소주 블랙,효소제,S_009
가무치,정제수,S_010
가무치,쌀,S_010
가무치,입국,S_010
가무치,효모,S_010
백제소주,정제수,S_011
백제소주,쌀증류원액,S_011
병영사또,쌀증류식소주원액,S_012
병영사또,햅쌀,S_012
병영사또,복분자,S_012
병영사또,오디,S_012
병영사또,정제수,S_012
진심 인삼주,쌀,S_013
진심 인삼주,정제주정,S_013
진심 인삼주,인삼침출액,S_013
진심 인삼주,홍삼농축액,S_013
진심 인삼주,고과담,S_013
팔로미 더 화이트 21 (8ROMI 19+ THE WHITE 21),정제수,S_014
팔로미 더 화이트 21 (8ROMI 19+ THE WHITE 21),쌀,S_014
팔로미 더 화이트 21 (8ROMI 19+ THE WHITE 21),찹쌀,S_014
팔로미 더 화이트 21 (8ROMI 19+ THE WHITE 21),누룩,S_014
팔로미 더 블랙 26 (8ROMI 19+ THE BLACK 26),정제수,S_015
팔로미 더 블랙 26 (8ROMI 19+ THE BLACK 26),쌀,S_015
팔로미 더 블랙 26 (8ROMI 19+ THE BLACK 26),찹쌀,S_015
팔로미 더 블랙 26 (8ROMI 19+ THE BLACK 26),누룩,S_015
참주가 청화랑,증류원액,S_016
참주가 청화랑,쌀,S_016
참주가 청화랑,블루베리,S_016
참주가 청화랑,입국,S_016
참주가 청화랑,효모,S_016
참주가 청화랑,정제수,S_016
참주가 청화랑,주정,S_016
참주가 청화랑,과당,S_016
참주가 청화랑,효소처리스테비아,S_016
참주가 청화랑,에리스리톨,S_016
참주가 서해밤바다,증류원액,S_017
참주가 서해밤바다,쌀,S_017
참주가 서해밤바다,입국,S_017
참주가 서해밤바다,효모,S_017
참주가 서해밤바다,정제수,S_017
참주가 서해밤바다,주정,S_017
참주가 서해밤바다,매실,S_017
참주가 서해밤바다,과당,S_017
참주가 서해밤바다,효소처리스테비아,S_017
참주가 서해밤바다,에리스라톨,S_017
참주가 동해밤바다,증류원액,S_018
참주가 동해밤바다,쌀,S_018
참주가 동해밤바다,입국,S_018
참주가 동해밤바다,효모,S_018
참주가 동해밤바다,정제수,S_018
참주가 동해밤바다,주정,S_018
참주가 동해밤바다,매실,S_018
참주가 동해밤바다,과당,S_018
참주가 동해밤바다,효소처리스테비아,S_018
참주가 동해밤바다,에리스라톨,S_018
착한농부 막시모파인오크 40,단수수증류원액,S_019
착한농부 막시모파인오크 40,오미자추출액,S_019
착한농부 막시모파인오크 40,정제수,S_019
착한농부 막시모 25,단수수증류원액,S_020
착한농부 막시모 25,주정,S_020
착한농부 막시모 25,오미자추출액,S_020
착한농부 막시모 25,캬라멜,S_020
착한농부 막시모 25,정제수,S_020
착한농부 막시모 17,단수수증류원액,S_021
착한농부 막시모 17,주정,S_021
착한농부 막시모 17,오미자추출액,S_021
착한농부 막시모 17,캬라멜,S_021
착한농부 막시모 17,정제수,S_021
남한산성소주 21,쌀증류식소주원액,S_022
남한산성소주 21,맵쌀백미,S_022
남한산성소주 21,쌀,S_022
남한산성소주 21,조청,S_022
남한산성소주 21,쌀,S_022
남한산성소주 21,엿기름,S_022
남한산성소주 21,누룩,S_022
남한산성소주 21,정제수,S_022
남한산성소주 21,정재수,S_022
아치23,감,S_023
아치23,발효증류주,S_023
아치23,정제수,S_023
고리진,노간주열매,S_024
고리진,유자,S_024
고리진,복분자,S_024
고리진,오미자,S_024
고리진,구기자,S_024
고리진,인삼,S_024
고리진,우엉,S_024
고리진,생강,S_024
고리진,감초,S_024
고리진,산초,S_024
황금보리 증류주 40,보리,S_025
황금보리 증류주 40,누룩,S_025
황금보리 증류주 40,효소,S_025
황금보리 증류주 40,효모,S_025
황금보리 증류주 40,정제수,S_025
황금보리 증류주 40,과당,S_025
황금보리 증류주 25,정제수,S_026
황금보리 증류주 25,보리,S_026
황금보리 증류주 25,누룩,S_026
황금보리 증류주 25,효소,S_026
황금보리 증류주 25,효모,S_026
황금보리 증류주 25,과당,S_026
겨울소주45,증류원액,S_027
겨울소주45,쌀,S_027
겨울소주45,국,S_027
겨울소주45,효모,S_027
겨울소주45,효소,S_027
진도 백주,쌀,S_028
진도 백주,정제수,S_028
진도 백주,조제종국,S_028
진도 백주,효모,S_028
진도 백주,지초,S_028
진도 백주,올리고당,S_028
진도 백주,알라닌,S_028
황금보리 증류주 17,보리,S_029
황금보리 증류주 17,누룩,S_029
황금보리 증류주 17,효소,S_029
황금보리 증류주 17,효모,S_029
황금보리 증류주 17,정제수,S_029
황금보리 증류주 17,과당,S_029
불소주,멥쌀,S_030
불소주,찹쌀,S_030
불소주,누룩,S_030
불소주,효모,S_030
불소주,정제수,S_030
진안블랙,팽화미,S_031
진안블랙,블랙보리,S_031
진안블랙,누룩,S_031
진안블랙,수삼,S_031
진안블랙,홍삼농축액,S_031
진안블랙,보리침출 주정,S_031
진안블랙,효모,S_031
진안블랙,정제수,S_031
도래하,정제수,S_032
도래하,주정,S_032
도래하,쌀소주원액,S_032
도래하,국,S_032
도래하,효모,S_032
도래하,아스파탐,S_032
백송,멥쌀,S_033
백송,찹쌀,S_033
백송,누룩,S_033
백송,효모,S_033
백송,정제수,S_033
화백,멥쌀,S_034
화백,찹쌀,S_034
화백,누룩,S_034
화백,효모,S_034
화백,정제수,S_034
바람,쌀,S_035
바람,증류식소주원액,S_035
바람,정제주정,S_035
바람,정제수,S_035
하늘,보리,S_036
하늘,증류식소주원액,S_036
하늘,조제종국,S_036
하늘,정제수,S_036
하늘,효모,S_036
하늘,오크칩,S_036
빡치주,증류원액,S_037
빡치주,정제수,S_037
동해소주,쌀,S_038
동해소주,증류주,S_038
동해소주,해양,S_038
동해소주,심층수,S_038
동해소주,주정,S_038
동해소주,에리스리톨,S_038
동해소주,결정과당,S_038
동해소주,고과당,S_038
동해소주,효소처리스테비아,S_038
독도소주,쌀,S_039
독도소주,증류주,S_039
독도소주,원액,S_039
독도소주,해양심층수,S_039
독도소주,주정,S_039
독도소주,에리스리톨,S_039
독도소주,결정과당,S_039
독도소주,고과당,S_039
독도소주,효소처리스테비아,S_039
꽃빛서리,증류원액,S_040
꽃빛서리,정제수,S_040
꽃빛서리,주정,S_040
꽃빛서리,결정과당,S_040
꽃빛서리,효소처리스테비아,S_040
원소주,물,S_041
원소주,쌀,S_041
김수한무,수수,S_042
김수한무,누룩,S_042
김수한무,효모,S_042
김수한무,정제수,S_042
미르아토 증류주 tears of god,포도,S_043
아우내,포도주,S_044
아우내,증류원액,S_044
아우내,주정,S_044
입술,쌀,S_045
입술,효모,S_045
입술,옥분,S_045
입술,억새어린순,S_045
입술,야관문,S_045
입술,정제수,S_045
육십일도,쌀,S_046
육십일도,효모,S_046
육십일도,옥분,S_046
육십일도,억새어린순,S_046
육십일도,지초뿌리,S_046
육십일도,정제수,S_046
사십오도,쌀,S_047
사십오도,효모,S_047
사십오도,옥분,S_047
사십오도,억새어린순,S_047
사십오도,지초뿌리,S_047
사십오도,정제수,S_047
산막와이너리 증류주 환희,캠벨얼리,S_048
오디여라,오디증류원액,S_049
오디여라,정제수,S_049
오디여라,올리고당,S_049
매화마름,물,S_050
매화마름,유기농,S_050
매화마름,갈색설탕,S_050
매화마름,유기농쌀,S_050
매화마름,국,S_050
매화마름,효모,S_050
매화마름,잔탄검,S_050
타락40,증류원액,S_051
타락40,정제수,S_051
추사백25,증류원액,S_052
추사백25,정제수,S_052
죽향41,정제수,S_053
죽향41,쌀,S_053
죽향41,벌꿀,S_053
죽향41,조제종국,S_053
죽향41,정제효소,S_053
일엽편주,찹쌀,S_054
일엽편주,멥쌀,S_054
일엽편주,누룩,S_054
일엽편주,정제수,S_054
일엽편주,밀,S_054
유기농 이도 32,물,S_055
유기농 이도 32,증류원액,S_055
엄청주,엄나무,S_056
엄청주,천일염,S_056
엄청주,토종꿀,S_056
엄청주,정제수,S_056
소여강 25%,쌀증류주원액,S_057
소여강 25%,정제수,S_057
선비 진,진증류원액,S_058
선비 진,찹쌀,S_058
선비 진,감귤,S_058
로아40화이트,쌀소주원액,S_059
로아40화이트,물,S_059
로아40화이트,국,S_059
로아40화이트,효모,S_059
로아40화이트,물,S_059
로아40화이트,주정,S_059
로아40화이트,벌꿀,S_059
로아40화이트,아카시아향,S_059
로아19화이트,물,S_060
로아19화이트,쌀소주원액,S_060
로아19화이트,국,S_060
로아19화이트,효모,S_060
로아19화이트,물,S_060
로아19화이트,주정,S_060
로아19화이트,벌꿀,S_060
로아19화이트,아카시아향,S_060
로아40퍼플,포도소주원액,S_061
로아40퍼플,효모,S_061
로아40퍼플,설탕,S_061
로아40퍼플,정제수,S_061
로아19옐로우,배소주원액,S_062
로아19옐로우,쌀,S_062
로아19옐로우,물,S_062
로아19옐로우,효모,S_062
로아19옐로우,국,S_062
로아19옐로우,물,S_062
로아19레드,사과소주원액,S_063
로아19레드,설탕,S_063
로아19레드,효모,S_063
로아19레드,셀룰라아제,S_063
로아19레드,정제수,S_063
달홀진주40,정제수,S_064
달홀진주40,증류원액,S_064
달홀진주40,국,S_064
달홀진주40,효모,S_064
달홀진주40,정제효소제,S_064
달홀진주25,정제수,S_065
달홀진주25,증류원액,S_065
달홀진주25,국,S_065
달홀진주25,효모,S_065
달홀진주25,정제효소제,S_065
금설,쌀증류원액,S_066
금설,금박,S_066
금설,기타과당,S_066
각시탈,쌀증류원액,S_067
각시탈,정제수,S_067
각시탈,발효주정,S_067
52C,정제수,S_068
52C,주정,S_068
52C,증류식소주원액,S_068
52C,오이,S_068
백이주,쌀,S_069
백이주,홍마늘액,S_069
백이주,감초,S_069
백이주,개량누룩,S_069
백이주,효모,S_069
백이주,정제효소제,S_069
백이주,정제수,S_069
백이주,밀,S_069
미상25,감귤증류주원액,S_070
미상25,정제수,S_070
미상25,스테비올배당제,S_070
죽력고,쌀,S_071
죽력고,죽력,S_071
죽력고,누룩,S_071
죽력고,정제수,S_071
진맥소주 22%,유기농,S_072
진맥소주 22%,우리밀,S_072
두레앙목통숙성주,목통숙성주원액,S_073
금산인삼백주,쌀,S_074
금산인삼백주,인삼,S_074
의림소주,쌀,S_075
화요 41,쌀,S_076
화요 25,쌀,S_077
화요 17,쌀,S_078
천지향 증류주,복분자,S_079
진심홍삼인삼주 19,쌀,S_080
진심홍삼인삼주 19,지초,S_080
진심홍삼인삼주 38,쌀,S_081
진심홍삼인삼주 38,지초,S_081
문배술,찰수수,S_082
문배술,메조,S_082
"진도홍주, 만홍",쌀,S_083
"진도홍주, 만홍",지초,S_083
남한산성소주,쌀,S_084
남한산성소주,엿,S_084
남한산성소주,누룩,S_084
병영설성사또,쌀,S_085
병영설성사또,오디,S_085
병영설성사또,복분자,S_085
톡 한잔 소주,보리,S_086
톡 한잔 소주,쌀,S_086
수삼단본 720,쌀,S_087
수삼단본 720,인삼,S_087
송로주,멥쌀,S_088
송로주,솔옹이,S_088
송로주,솔잎,S_088
송로주,복령,S_088
소나무와 학,쌀,S_089
소나무와 학,황기,S_089
두레앙 일반증류주,포도,S_090
금휘,쌀,S_091
금휘,황기,S_091
금휘,금나노화된 황금물,S_091
로얄 안동소주,쌀,S_092
타미앙스,쌀,S_093
타미앙스,한약재,S_093
추성주,쌀,S_094
추성주,한약재,S_094
포항불로주,쌀,S_095
계룡백일주 40%,찹쌀,S_096
계룡백일주 40%,백미,S_096
계룡백일주 40%,누룩,S_096
계룡백일주 40%,재래종국화꽃,S_096
계룡백일주 40%,오미자,S_096
계룡백일주 40%,진달래,S_096
계룡백일주 40%,솔잎,S_096
두레앙22,포도,S_097
두레앙22,효모,S_097
두레앙22,설탕,S_097
두레앙22,정제수,S_097
미르,쌀,S_098
미르,정제수,S_098
소호 (36.5도),평택,S_099
소호 (36.5도),쌀,S_099
소호 (36.5도),누룩,S_099
소호 (36.5도),정제수,S_099
소호 (36.5도),대나무잎,S_099
소호 (56도),평택,S_100
소호 (56도),쌀,S_100
소호 (56도),누룩,S_100
소호 (56도),정제수,S_100
소호 (56도),대나무잎,S_100
명인 안동소주,쌀,S_101
명인 안동소주 하회탈,쌀,S_102
명인 안동소주 22%,쌀,S_103
명인 안동소주 22%,누룩,S_103
명인 안동소주 22%,정제수,S_103
문배술 헤리티지 25도,메조,S_104
문배술 헤리티지 25도,찰수수,S_104
문배술 헤리티지 25도,쌀,S_104
문배술 헤리티지 40도,메조,S_105
문배술 헤리티지 40도,찰수수,S_105
문배술 헤리티지 40도,쌀,S_105
제주술익는집 고소리술,잡곡,S_106
제주술익는집 고소리술,누룩,S_106
제주술익는집 고소리술,정제수,S_106
예술주조 `무작`,정제수,S_107
예술주조 `무작`,누룩,S_107
예술주조 `무작`,쌀,S_107
오매락,배증류원액,S_108
오매락,정제수,S_108
오매락,설탕,S_108
오매락,매실,S_108
오매락,오매,S_108
로아40 옐로우,쌀,S_109
로아40 옐로우,배,S_109
징기스칸,레드와인,S_110
추사40,사과증류원액,S_111
추사40,정제수,S_111
The 찾을수록,사과와인,S_112
The 찾을수록,정제수,S_112
The 찾을수록,정제주정,S_112
The 찾을수록,농축액,S_112
세우리,산양삼,S_113
세우리,하수오,S_113
세우리,구기자,S_113
세우리,쌀,S_113
고운달 오크,오미자,S_114
고운달 백자,오미자,S_115
문경바람 오크,사과,S_116
한비 쌀소주,쌀,S_117
한비 쌀소주,누룩,S_117
한비 쌀소주,정제수,S_117
한비 오가피술,쌀,S_118
한비 오가피술,누룩,S_118
한비 오가피술,가시오가피,S_118
한비 오가피술,뿌리,S_118
한비 오가피술,정제수,S_118
계룡산 산삼주 금수강산 40%,산양산삼,S_119
계룡산 산삼주 금수강산 40%,정제수,S_119
계룡산 산삼주 금수강산 40%,주정,S_119
계룡산 산삼주 금수강산 21%,산양산삼,S_120
계룡산 산삼주 금수강산 21%,정제수,S_120
계룡산 산삼주 금수강산 21%,주정,S_120
화주,쌀,S_121
화주,홍삼농축액,S_121
화주,정제수,S_121
강소주,쌀,S_122
강소주,정제수,S_122
왕율주,쌀,S_123
왕율주,밤,S_123
왕율주,누룩,S_123
왕율주,정제수,S_123
한주,쌀,S_124
한주,밀누룩,S_124
한주,정제수,S_124
천비향 화주,쌀,S_125
천비향 화주,누룩,S_125
이도 22,쌀,S_126
려,쌀증류소주원액,S_127
려,정제수,S_127
려,고구마증류소주원액,S_127
대잎술,쌀,S_128
대잎술,누룩,S_128
대잎술,댓잎,S_128
대잎술,솔잎,S_128
대잎술,진피,S_128
대잎술,갈근,S_128
대잎술,오미자,S_128
대잎술,구기자,S_128
대잎술,죽력,S_128
명품홍주,쌀,S_129
명품홍주,지초,S_129
느린마을 증류주,쌀,S_130
원매,매실원주액,S_131
원매,매실청,S_131
원매,꿀,S_131
원매,카라멜,S_131
원매,효소처리스테비아,S_131
원매,정제수,S_131
삼해소주,멥쌀,S_132
삼해소주,찹쌀,S_132
삼해소주,누룩,S_132
신례명주,감귤,S_133
신례명주,감귤,S_133
신례명주,감귤,S_133
신례명주,증류주,S_133
오디아락40,오디증류주원액,S_134
복분자아락40,복분자증류원액,S_135
복분자아락40,정제수,S_135
로아40 레드,사과소주원액,S_136
명랑 스컬,매실증류주원액,S_137
명랑 스컬,벌꿀,S_137
명랑 스컬,포도당,S_137
명랑 스컬,노간주나무열매,S_137
명랑 스컬,정제수,S_137
소여강,쌀,S_138
소여강,누룩,S_138
소여강,물,S_138
혼,문경사과,S_139
해방주,해방풍연한잎,S_140
풍정사계 동(冬),찹쌀,S_141
풍정사계 동(冬),향온곡,S_141
커피냑,커피생두,S_142
커피냑,백설탕,S_142
커피냑,효모,S_142
커피냑,정제수,S_142
메밀이슬,메밀,S_143
메밀이슬,입국,S_143
메밀이슬,효모,S_143
메밀이슬,정제수,S_143
커피와인 톡시,커피생두,S_144
커피와인 톡시,발효액,S_144
키위술,그린키위,S_145
키위술,골드키위,S_145
제주낭만,쌀,S_146
제주낭만,백도라지,S_146
토끼 소주,정제수,S_147
토끼 소주,찹쌀,S_147
토끼 소주,누룩,S_147
토끼 소주,효모,S_147
토끼 소주,효소제,S_147
부자진 배치#0001,캐모마일,S_148
부자진 배치#0001,라벤더,S_148
부자진 배치#0001,레몬,S_148
부자진 배치#0001,베버나,S_148
부자진 배치#0001,노간주나무,S_148
부자진 배치#0001,열매,S_148
부자진 배치#0001,한라봉,S_148
부자진 배치#0001,헛개나무,S_148
부자진 배치#0001,솔잎,S_148
부자진 배치#0001,쑥,S_148
진맥 소주,통밀,S_149
진맥 소주,소주원액,S_149
예천주복 만월40,복분자증류원액,S_150
예천주복 만월40,복분자과즙,S_150
예천주복 만월40,정제수,S_150
느린마을소주21,쌀,S_151
느린마을소주21,정제수,S_151
느린마을소주21,입국,S_151
느린마을소주21,조효소제,S_151
느린마을소주21,건조효모,S_151
대장부23,정제수,S_152
대장부23,쌀,S_152
대장부23,효모,S_152
대장부23,종국,S_152
대장부23,보리,S_152
백제한산군주,찹쌀,S_153
백제한산군주,물,S_153
백제한산군주,멥쌀,S_153
백제한산군주,주정,S_153
백제한산군주,효모,S_153
백제한산군주,홍고추,S_153
백제한산군주,구절초,S_153
백제한산군주,과당,S_153
백제한산군주,소금,S_153
백제한산군주,스테비아,S_153
이상헌 소주,증류소주원액,S_154
도원결의,정제수,S_155
도원결의,쌀,S_155
도원결의,복숭아,S_155
도원결의,조효소제,S_155
도원결의,효모,S_155
도원결의,정제효소제,S_155
도원결의,효소처리스테비아,S_155
도원결의,복숭아향,S_155
수성 프리미엄 백주43,수수,S_156
수성 프리미엄 백주43,정제수,S_156
모월 인,쌀,S_157
모월 인,정제수,S_157
모월 인,밀누룩,S_157
감아락 25,쌀,S_158
감아락 25,감증류원액,S_158
감이슬,감,S_159
겨울소주 25,쌀,S_160
겨울소주 25,증류원액,S_160
겨울소주 25,효모,S_160
겨울소주 25,효소,S_160
겨울소주 25,정제수,S_160
귀감,감귤과즙,S_161
귀감,백설탕,S_161
귀감,액상효모,S_161
느낌 19.8,백미,S_162
느낌 19.8,누룩,S_162
느낌 19.8,효모,S_162
느낌 19.8,정제수,S_162
느낌 30,백미,S_163
느낌 30,누룩,S_163
느낌 30,효모,S_163
느낌 30,정제수,S_163
담양 죽력고,정제수,S_164
담양 죽력고,쌀,S_164
담양 죽력고,누룩,S_164
담양 죽력고,죽력,S_164
담양 죽력고,계피,S_164
담양 죽력고,석창포,S_164
담양 죽력고,생강,S_164
담양 죽력고,효모,S_164
독산 53,쌀,S_165
독산 53,누룩,S_165
독산 53,효모,S_165
독산 53,정제수,S_165
두리향,찹쌀,S_166
두리향,누룩,S_166
두리향,정제수,S_166
마주 소곡화주,찹쌀,S_167
마주 소곡화주,백미,S_167
마주 소곡화주,모싯잎,S_167
마주 소곡화주,우리밀,S_167
마주 소곡화주,누룩,S_167
마주 소곡화주,정제수,S_167
마주 소곡화주,효모,S_167
막시모 40,오미자,S_168
막시모 40,증류원액,S_168
막시모 40,오미자,S_168
막시모 40,원액,S_168
막시모 40,정제수,S_168
메밀로,쌀,S_169
메밀로,메밀,S_169
메밀로,누룩,S_169
메밀로,정제수,S_169
명인 안동소주 양반탈,쌀,S_170
명인 안동소주 양반탈,누룩,S_170
명인 안동소주 양반탈,정제수,S_170
배도가 로아 40도 옐로우,쌀,S_171
배도가 로아 40도 옐로우,배,S_171
민속주 안동소주,쌀,S_172
민속주 안동소주,누룩,S_172
민속주 안동소주,정제수,S_172
문경바람 백자 40,사과,S_173
문경바람 백자 25,사과,S_174
병영소주,정제수,S_175
병영소주,보리증류식 소주원액,S_175
샤토미소 영동,포도,S_176
안동소주 일품 21도,쌀,S_177
안동소주 일품 21도,입국,S_177
안동소주 일품 40도 골드,쌀,S_178
안동소주 일품 40도 골드,입국,S_178
안동소주 일품 17도,쌀,S_179
안동소주 일품 17도,입국,S_179
부자진 오미자 진,솔잎,S_180
부자진 오미자 진,쑥,S_180
부자진 오미자 진,헛개,S_180
부자진 오미자 진,한라봉,S_180
부자진 오미자 진,오미자,S_180
연천 우주,쌀,S_181
연천 우주,누룩,S_181
연천 우주,효모,S_181
연천 우주,효소,S_181
연천 우주,연천율무,S_181
연천 우주,정제수,S_181
주향담을,쌀,S_182
주향담을,국,S_182
주향담을,효모,S_182
주향담을,정제수,S_182
주향아라,쌀,S_183
주향아라,국,S_183
주향아라,효모,S_183
주향아라,정제수,S_183
한산예담은 한산소곡화주,찹쌀,S_184
한산예담은 한산소곡화주,멥쌀,S_184
한산예담은 한산소곡화주,누룩,S_184
한산예담은 한산소곡화주,대두,S_184
한산예담은 한산소곡화주,구절초,S_184
예천주 사월24,오미자증류원액,S_185
예천주 사월24,건오미자추출액,S_185
예천주 사월24,정제수,S_185
예천주 사월365,오미자증류원액,S_186
예천주 사월365,건오미자추출액,S_186
예천주 사월365,정제수,S_186
예천주복 만월24,복분자증류원액,S_187
예천주복 만월24,복분자과즙,S_187
예천주복 만월24,정제수,S_187
밤빛머루,무주,S_188
밤빛머루,머루,S_188
추사47,사과,S_189
추사47,사과,S_189
추사47,효모,S_189
한산 소곡화주,찹쌀,S_190
한산 소곡화주,멥쌀,S_190
한산 소곡화주,누룩,S_190
유기농 이도 42,유기농쌀,S_191
유기농 이도 42,정제수,S_191
유기농 이도 42,증류원액,S_191
유기농 이도 42,국,S_191
유기농 이도 42,조제종국,S_191
유기농 이도 42,효모,S_191
블링블링 바다별,정제수,O_001
블링블링 바다별,사과,O_001
블링블링 바다별,증류원액,O_001
블링블링 바다별,정백당,O_001
블링블링 바다별,효소처리스테비아,O_001
블링블링 바다별,사과향,O_001
진도대복홍주 진 22호,검정찹쌀,O_002
진도대복홍주 진 22호,지초,O_002
고도리술,쌀,O_003
고도리술,차조,O_003
고도리술,입국,O_003
고도리술,누룩,O_003
고도리술,효모,O_003
고도리술,효소,O_003
고도리술,정제수,O_003
고도리술,스테비올,O_003
이강주,쌀,O_004
이강주,소맥분,O_004
이강주,정맥,O_004
이강주,배,O_004
이강주,생강,O_004
이강주,계피,O_004
이강주,울금,O_004
이강주,꿀,O_004
북한강25,쌀,O_005
북한강25,누룩,O_005
북한강25,효모,O_005
북한강25,정제수,O_005
북한강25,밀,O_005
청혼 레드25,쌀,O_006
청혼 레드25,쌀,O_006
청혼 레드25,밀누룩,O_006
청혼 레드25,국,O_006
청혼 레드25,효모,O_006
독산 30,정제수,O_007
독산 30,쌀,O_007
독산 30,누룩,O_007
독산 30,정제효소제,O_007
독산 30,효모,O_007
일오백블루,찹쌀,O_008
일오백블루,백미,O_008
일오백블루,누룩,O_008
일오백블루,정제수,O_008
일오백블루,꿀,O_008
일오백블루,들국화,O_008
일오백블루,생지황,O_008
일오백블루,메주콩,O_008
일오백블루,생강,O_008
일오백블루,홍고추,O_008
일오백골드,찹쌀,O_009
일오백골드,백미,O_009
일오백골드,누룩,O_009
일오백골드,정제수,O_009
일오백골드,꿀,O_009
일오백골드,들국화,O_009
일오백골드,생지황,O_009
일오백골드,메주콩,O_009
일오백골드,홍고추,O_009
여유25,증류원액,O_010
여유25,정제수,O_010
밀담40,단수수증류원액,O_011
밀담40,정제수,O_011
행복한 상상 쵸코맛,정제수,O_012
행복한 상상 쵸코맛,정수,O_012
행복한 상상 쵸코맛,사과,O_012
행복한 상상 쵸코맛,복숭아,O_012
행복한 상상 쵸코맛,포도과육,O_012
행복한 상상 쵸코맛,카카오,O_012
뱁새,쌀,O_013
뱁새,찹쌀,O_013
뱁새,모싯잎,O_013
뱁새,생강,O_013
뱁새,구절초,O_013
인어교주해적술,정제수,O_014
인어교주해적술,증류원액,O_014
인어교주해적술,포도당,O_014
인어교주해적술,포도과육,O_014
인어교주해적술,효소처리스테비아,O_014
인어교주해적술,포도향,O_014
볼빨간미자,정제수,O_015
볼빨간미자,주정,O_015
볼빨간미자,정백당,O_015
볼빨간미자,오미자,O_015
배도가 심플리 애플,정제수,O_016
배도가 심플리 애플,사과즙,O_016
배도가 심플리 애플,쌀,O_016
배도가 심플리 애플,벌꿀,O_016
배도가 심플리 애플,국,O_016
배도가 심플리 애플,효모,O_016
배도가 심플리 애플,비타민,O_016
배도가 심플리 애플,밀,O_016
자연송이주,자연송이버섯,O_017
진도홍주 루비콘,쌀,O_018
진도홍주 루비콘,누룩,O_018
진도홍주 루비콘,지초,O_018
진도홍주 루비콘,정제수,O_018
모리,정제수,O_019
모리,보리증류원액,O_019
장수홍삼주,인삼,O_020
원매 프리미엄,황매실,O_021
오매락퍽,배증류원액,O_022
산삼가득 명술,주정,O_023
산삼가득 명술,산양산삼,O_023
매실원주 허니,황매,O_024
매실원주 허니,청매,O_024
담솔,백미,O_025
담솔,솔잎,O_025
담솔,송순,O_025
"진도홍주 아라리35%, 루비콘40%",쌀,O_026
"진도홍주 아라리35%, 루비콘40%",지초,O_026
송화백일주,송화,O_027
송화백일주,솔잎,O_027
송화백일주,산수유,O_027
송화백일주,오미자,O_027
송화백일주,구기자,O_027
한비오가피술골드,쌀,O_028
한비오가피술골드,오가피,O_028
불소곡주,찹쌀,O_029
불소곡주,멥쌀,O_029
라이코펜 토마토와인,토마토,O_030
나 와인,찹쌀,O_031
SSOA-포도,포도,O_032
이담,쌀,O_033
이담,배,O_033
매실탁테일,백미,O_034
매실탁테일,매실천연과즙,O_034
주몽복분자주,쌀,O_035
주몽복분자주,복분자,O_035
백운복분자주,쌀,O_036
백운복분자주,복분자,O_036
산내울 오미자주,오미자,O_037
산내울 오미자주,설탕,O_037
산내울 오미자주,주정,O_037
산내울 오미자주,정제수,O_037
산내울 오미자주,과당,O_037
제주감귤주 귤로만,감귤원액,O_038
매아랑,매실,O_039
과하주23,쌀,O_040
애피소드호프,사과과즙,O_041
애피소드호프,보리,O_041
애피소드호프,쌀,O_041
애피소드호프,홉,O_041
한비 동충하초술,쌀,O_042
한비 동충하초술,누룩,O_042
한비 동충하초술,가시오가피,O_042
한비 동충하초술,뿌리,O_042
한비 동충하초술,동충하초,O_042
한비 동충하초술,정제수,O_042
한비 무병장수술,쌀,O_043
한비 무병장수술,흑삼,O_043
한비 무병장수술,인삼,O_043
한비 무병장수술,오가피,O_043
한비 무병장수술,오미자,O_043
한비 무병장수술,구기자,O_043
한비 무병장수술,복분자,O_043
한비 무병장수술,차전자,O_043
한비 무병장수술,토사자,O_043
한비 무병장수술,산수유,O_043
진쾌남,쌀,O_044
진쾌남,밤,O_044
진쾌남,누룩,O_044
진쾌남,구기자,O_044
진쾌남,오미자,O_044
진쾌남,산수유,O_044
진쾌남,오가피,O_044
진쾌남,동충하초,O_044
진쾌남,정제수,O_044
호담 300ml,산양산삼,O_045
호담 300ml,정제수,O_045
호담 300ml,주정,O_045
술샘16,쌀,O_046
술샘16,오미자,O_046
술샘16,주정,O_046
술샘16,정백당,O_046
술샘19,주정,O_047
술샘19,증류식소주,O_047
술샘19,정백당,O_047
술샘19,생강,O_047
술샘19,강황,O_047
한비 유자술,쌀,O_048
한비 유자술,유자,O_048
공주알밤 왕밤주,공주밤,O_049
공주알밤 왕밤주,백미,O_049
공주알밤 왕밤주,아스파탐,O_049
허니비,벌꿀,O_050
허니문,벌꿀,O_051
티나(TINA),딸기,O_052
홍삼명주,홍삼,O_053
아이엠더문,쌀증류식소주원액,O_054
아이엠더문,주정,O_054
아이엠더문,정제수,O_054
아이엠더문,과실농축액,O_054
꿀샘 16,정제수,O_055
꿀샘 16,주정,O_055
꿀샘 16,설탕,O_055
꿀샘 16,천연꿀,O_055
꿀샘 16,생강,O_055
금과 명주,사과증류주,O_056
금과 명주,고과당,O_056
금과 명주,사과향,O_056
금과 명주,카라멜,O_056
제주몬순커피주,정제수,O_057
제주몬순커피주,설탕,O_057
제주몬순커피주,커피생두,O_057
제주몬순커피주,효모,O_057
괴산 세종 찰옥수수 전통주,정제수,O_058
괴산 세종 찰옥수수 전통주,백미,O_058
괴산 세종 찰옥수수 전통주,국,O_058
괴산 세종 찰옥수수 전통주,옥수수분,O_058
괴산 세종 찰옥수수 전통주,전분당,O_058
괴산 세종 찰옥수수 전통주,조제종국,O_058
괴산 세종 찰옥수수 전통주,효모,O_058
괴산 세종 찰옥수수 전통주,조효소제,O_058
괴산 세종 찰옥수수 전통주,치자색소,O_058
괴산 세종 찰옥수수 전통주,아스파탐,O_058
괴산 세종 찰옥수수 전통주,허브후레바,O_058
괴산 세종 찰옥수수 전통주,누룽지향,O_058
"동백꽃, 제주",동백꽃잎,O_059
"동백꽃, 제주",정제수,O_059
"동백꽃, 제주",포도당,O_059
"동백꽃, 제주",효모,O_059
경기전,보리,O_060
경기전,맥아,O_060
경기전,호프펠렛,O_060
경기전,효모,O_060
경기전,정제효소제,O_060
경기전,정제수,O_060
녹고의 눈물,섬오가피,O_061
녹천 소곡화주 480ml,찹쌀,O_062
녹천 소곡화주 480ml,누룩,O_062
녹천 소곡화주 480ml,백미,O_062
녹천 소곡화주 480ml,정제수,O_062
녹천 소곡화주 500ml,찹쌀,O_063
녹천 소곡화주 500ml,누룩,O_063
녹천 소곡화주 500ml,백미,O_063
녹천 소곡화주 500ml,정제수,O_063
동강더덕주,더덕,O_064
동강더덕주,대추구기자,O_064
동강더덕주,감초,O_064
동강더덕주,원지,O_064
르깔롱,정제수,O_065
르깔롱,주정,O_065
르깔롱,고과당,O_065
르깔롱,죽력,O_065
르깔롱,메론후레바,O_065
르깔롱,레이지라임,O_065
르깔롱,코코넛향,O_065
메로니아,쌀,O_066
메로니아,국,O_066
메로니아,효모,O_066
메로니아,멜론향,O_066
메로니아,물엿,O_066
백운 복분자 와인,쌀,O_067
백운 복분자 와인,복분자과즙,O_067
바나나 주,쌀,O_068
바나나 주,국,O_068
바나나 주,정제수,O_068
바나나 주,바나나,O_068
바나나 주,농축액,O_068
바나나 주,조제종국,O_068
바나나 주,효모,O_068
바나나 주,물엿,O_068
산내울 복분자주,복분자,O_069
산내울 복분자주,설탕,O_069
산내울 복분자주,주정,O_069
산내울 복분자주,정제수,O_069
산내울 복분자주,과당,O_069
산내울 사과애주,사과,O_070
산내울 사과애주,설탕,O_070
산내울 사과애주,주정,O_070
산내울 사과애주,정제수,O_070
산내울 사과애주,과당,O_070
서울의 밤,매실증류주원액,O_071
서울의 밤,벌꿀,O_071
서울의 밤,포도당,O_071
서울의 밤,노간주나무열매,O_071
서울의 밤,정제수,O_071
설궁,송이버섯,O_072
설궁,산양산삼,O_072
어우야,야관문,O_073
어우야,정제수,O_073
어우야,포도당,O_073
어우야,효모,O_073
오목대,보리,O_074
오목대,맥아,O_074
오목대,호프펠렛,O_074
오목대,효모,O_074
오목대,정제효소제,O_074
오목대,정제수,O_074
원매,매실원주액,O_075
원매,매실청,O_075
원매,꿀,O_075
원매,카라멜,O_075
원매,효소처리스테비아,O_075
원매,정제수,O_075
우도 땅콩 전통주,정제수,O_076
우도 땅콩 전통주,전분당,O_076
우도 땅콩 전통주,백미,O_076
우도 땅콩 전통주,국,O_076
우도 땅콩 전통주,땅콩분,O_076
우도 땅콩 전통주,효모,O_076
필,고구마증류원액,O_077
필,정제수,O_077
