name,maker,image,amount,alcohol,category,name_id
삼해주,선인양조,http://thesool.com/common/imageView.do?targetId=PR00001067&targetNm=PRODUCT,500,15,탁주,R_001
온지오,(주)농업회사법인 온지술도가,http://thesool.com/common/imageView.do?targetId=PR00001066&targetNm=PRODUCT,500,10,탁주,R_002
벼리,백년주조,http://thesool.com/common/imageView.do?targetId=PR00001065&targetNm=PRODUCT,935,6,탁주,R_003
월탁,한국술도가,http://thesool.com/common/imageView.do?targetId=PR00001064&targetNm=PRODUCT,500,13.1,탁주,R_004
경기 쌀 막걸리,오산양조,http://thesool.com/common/imageView.do?targetId=PR00001063&targetNm=PRODUCT,600,7.7,탁주,R_005
희양산 생막걸리 9도,두술도가,http://thesool.com/common/imageView.do?targetId=PR00001062&targetNm=PRODUCT,650,9,탁주,R_006
하늘담6 생막걸리,순천주조,http://thesool.com/common/imageView.do?targetId=PR00001061&targetNm=PRODUCT,750,6,탁주,R_007
대담 13,대밭고을,http://thesool.com/common/imageView.do?targetId=PR00001056&targetNm=PRODUCT,500,13,탁주,R_008
해창 생막걸리,해창주조장,http://thesool.com/common/imageView.do?targetId=PR00001053&targetNm=PRODUCT,900,12,탁주,R_009
서울야행,몽타주조,http://thesool.com/common/imageView.do?targetId=PR00001048&targetNm=PRODUCT,360,8,탁주,R_010
달,농업회사법인 ㈜별빛드리운못,http://thesool.com/common/imageView.do?targetId=PR00001047&targetNm=PRODUCT,480,12,탁주,R_011
얼떨결에 옐로,동강주조,http://thesool.com/common/imageView.do?targetId=PR00001045&targetNm=PRODUCT,935,6,탁주,R_012
청탁막걸리,금정산성 토산주,http://thesool.com/common/imageView.do?targetId=PR00001040&targetNm=PRODUCT,750,5,탁주,R_013
방풍 막걸리,금오도섬마을,http://thesool.com/common/imageView.do?targetId=PR00001038&targetNm=PRODUCT,500,10,탁주,R_014
온지몬,온지술도가,http://thesool.com/common/imageView.do?targetId=PR00001036&targetNm=PRODUCT,500,10,탁주,R_015
까망토끼,술샘,http://thesool.com/common/imageView.do?targetId=PR00001035&targetNm=PRODUCT,375,9,탁주,R_016
옹기 막걸리,배상면주가,http://thesool.com/common/imageView.do?targetId=PR00001032&targetNm=PRODUCT,1980,7,탁주,R_017
딸기아랑주,밀향,http://thesool.com/common/imageView.do?targetId=PR00001030&targetNm=PRODUCT,750,6,탁주,R_018
옛날 생동동주,남도탁주,http://thesool.com/common/imageView.do?targetId=PR00001029&targetNm=PRODUCT,750,6,탁주,R_019
짝꿍막걸리,한강주조,http://thesool.com/common/imageView.do?targetId=PR00001027&targetNm=PRODUCT,620,8,탁주,R_020
에피소드,밝은세상영농조합,http://thesool.com/common/imageView.do?targetId=PR00001020&targetNm=PRODUCT,750,9,탁주,R_021
낙안읍성,화목양조장,http://thesool.com/common/imageView.do?targetId=PR00001017&targetNm=PRODUCT,750,12,탁주,R_022
생딸기 막걸리,농업회사법인 상주주조(주),http://thesool.com/common/imageView.do?targetId=PR00001013&targetNm=PRODUCT,750,6,탁주,R_023
너디호프,농업회사법인 상주주조(주),http://thesool.com/common/imageView.do?targetId=PR00001011&targetNm=PRODUCT,700,5,탁주,R_024
보스토끼,한강주조,http://thesool.com/common/imageView.do?targetId=PR00001009&targetNm=PRODUCT,700,9,탁주,R_025
스톰탁주,밀양클래식술도가,http://thesool.com/common/imageView.do?targetId=PR00001008&targetNm=PRODUCT,500,6,탁주,R_026
담향 대대포 블루,농업회사법인 (주)죽향도가,http://thesool.com/common/imageView.do?targetId=PR00001001&targetNm=PRODUCT,600,6,탁주,R_027
이화주(술샘),술샘,http://thesool.com/common/imageView.do?targetId=PR00000999&targetNm=PRODUCT,100,8,탁주,R_028
화천용화산,농업회사법인㈜화천주가,http://thesool.com/common/imageView.do?targetId=PR00000995&targetNm=PRODUCT,750,10,탁주,R_029
연꽃담은술,한통술이노베이션주식회사,http://thesool.com/common/imageView.do?targetId=PR00000994&targetNm=PRODUCT,850,8,탁주,R_030
열두쌀,한아양조,http://thesool.com/common/imageView.do?targetId=PR00000991&targetNm=PRODUCT,500,12,탁주,R_031
일곱쌀,한아양조,http://thesool.com/common/imageView.do?targetId=PR00000990&targetNm=PRODUCT,500,7,탁주,R_032
보은주,중원당,http://thesool.com/common/imageView.do?targetId=PR00000984&targetNm=PRODUCT,375,10,탁주,R_033
선희주,중원당,http://thesool.com/common/imageView.do?targetId=PR00000983&targetNm=PRODUCT,375,12,탁주,R_034
도갓집 막걸리,삼호주조장,http://thesool.com/common/imageView.do?targetId=PR00000980&targetNm=PRODUCT,750,6,탁주,R_035
복순도가 슈퍼드라이,복순도가,http://thesool.com/common/imageView.do?targetId=PR00000971&targetNm=PRODUCT,935,6.5,탁주,R_036
설레 7도,몬스터빌리지,http://thesool.com/common/imageView.do?targetId=PR00000969&targetNm=PRODUCT,750,7,탁주,R_037
소풍,몬스터빌리지,http://thesool.com/common/imageView.do?targetId=PR00000968&targetNm=PRODUCT,750,5.5,탁주,R_038
청혼 화이트,제이앤제이브루어리유한회사,http://thesool.com/common/imageView.do?targetId=PR00000964&targetNm=PRODUCT,375,13,탁주,R_039
벗이랑 조릿대 산죽,석이원주조,http://thesool.com/common/imageView.do?targetId=PR00000952&targetNm=PRODUCT,500,15,탁주,R_040
벗이랑 버찌 홍국,석이원주조,http://thesool.com/common/imageView.do?targetId=PR00000951&targetNm=PRODUCT,500,15,탁주,R_041
벗이랑 강황,석이원주조,http://thesool.com/common/imageView.do?targetId=PR00000950&targetNm=PRODUCT,500,15,탁주,R_042
온섶,서울효모방,http://thesool.com/common/imageView.do?targetId=PR00000949&targetNm=PRODUCT,500,12.8,탁주,R_043
단홍,서울효모방,http://thesool.com/common/imageView.do?targetId=PR00000948&targetNm=PRODUCT,500,13.5,탁주,R_044
완도유자막걸리,고금주조장,http://thesool.com/common/imageView.do?targetId=PR00000944&targetNm=PRODUCT,750,6,탁주,R_045
감천막걸리,농업회사법인 주식회사 벗드림,http://thesool.com/common/imageView.do?targetId=PR00000943&targetNm=PRODUCT,750,6,탁주,R_046
패치배치 만다린,제주곶밭,http://thesool.com/common/imageView.do?targetId=PR00000929&targetNm=PRODUCT,600,8,탁주,R_047
솜솜 막걸리,마깨주,http://thesool.com/common/imageView.do?targetId=PR00000926&targetNm=PRODUCT,375,8,탁주,R_048
고타다이브,농업회사법인 두루㈜,http://thesool.com/common/imageView.do?targetId=PR00000925&targetNm=PRODUCT,730,6,탁주,R_049
라봉,다도참주가,http://thesool.com/common/imageView.do?targetId=PR00000924&targetNm=PRODUCT,650,5.5,탁주,R_050
참주가 솔 막걸리,다도참주가,http://thesool.com/common/imageView.do?targetId=PR00000923&targetNm=PRODUCT,650,5.5,탁주,R_051
얼떨결에 퍼플,동강주조,http://thesool.com/common/imageView.do?targetId=PR00000916&targetNm=PRODUCT,935,6,탁주,R_052
김천 배금도가,배금도가,http://thesool.com/common/imageView.do?targetId=PR00000912&targetNm=PRODUCT,500,12,탁주,R_053
사화정미소,농업회사법인 우포의아침 주식회사,http://thesool.com/common/imageView.do?targetId=PR00000911&targetNm=PRODUCT,480,12,탁주,R_054
송도막걸리,농업회사법인송도향(유),http://thesool.com/common/imageView.do?targetId=PR00000910&targetNm=PRODUCT,700,6,탁주,R_055
서울골드,서울양조장,http://thesool.com/common/imageView.do?targetId=PR00000902&targetNm=PRODUCT,500,15,탁주,R_056
소백산생막걸리,용두산조은술,http://thesool.com/common/imageView.do?targetId=PR00000897&targetNm=PRODUCT,750,6,탁주,R_057
냥이탁주 화이트,농업회사법인 행주산성주가,http://thesool.com/common/imageView.do?targetId=PR00000893&targetNm=PRODUCT,350,10.5,탁주,R_058
우주멜론미 스파클링 막걸리,농업회사법인 시향가,http://thesool.com/common/imageView.do?targetId=PR00000887&targetNm=PRODUCT,300,5,탁주,R_059
대대포9,죽향도가,http://thesool.com/common/imageView.do?targetId=PR00000882&targetNm=PRODUCT,600,9,탁주,R_060
청량주,법전양조장,http://thesool.com/common/imageView.do?targetId=PR00000880&targetNm=PRODUCT,750,6,탁주,R_061
쑥크레,주방장양조장,http://thesool.com/common/imageView.do?targetId=PR00000879&targetNm=PRODUCT,375,10,탁주,R_062
연희민트,같이양조장,http://thesool.com/common/imageView.do?targetId=PR00000878&targetNm=PRODUCT,375,9,탁주,R_063
연희매화,같이양조장,http://thesool.com/common/imageView.do?targetId=PR00000877&targetNm=PRODUCT,375,12,탁주,R_064
생 옥수수 동동주,배혜정도가,http://thesool.com/common/imageView.do?targetId=PR00000876&targetNm=PRODUCT,750,6,탁주,R_065
연희장미,같이양조장,http://thesool.com/common/imageView.do?targetId=PR00000875&targetNm=PRODUCT,375,10,탁주,R_066
낙천 옥수수 생동동주,낙천 탁주제조장,http://thesool.com/common/imageView.do?targetId=PR00000873&targetNm=PRODUCT,1700,5,탁주,R_067
강냉이 막걸리,용두산 조은술,http://thesool.com/common/imageView.do?targetId=PR00000872&targetNm=PRODUCT,1000,6,탁주,R_068
호호막걸리,중원당,http://thesool.com/common/imageView.do?targetId=PR00000870&targetNm=PRODUCT,375,9,탁주,R_069
탁112클래식,탁브루,http://thesool.com/common/imageView.do?targetId=PR00000869&targetNm=PRODUCT,750,12,탁주,R_070
옹근달 본막걸리,옹근달양조장,http://thesool.com/common/imageView.do?targetId=PR00000866&targetNm=PRODUCT,375,15,탁주,R_071
열대야,날씨양조장,http://thesool.com/common/imageView.do?targetId=PR00000865&targetNm=PRODUCT,750,9,탁주,R_072
마크홀리 오리지널 6.0,어메이징브루잉컴퍼니,http://thesool.com/common/imageView.do?targetId=PR00000864&targetNm=PRODUCT,650,6,탁주,R_073
연희유자,같이양조장,http://thesool.com/common/imageView.do?targetId=PR00000863&targetNm=PRODUCT,375,10,탁주,R_074
아홉쌀,한아양조,http://thesool.com/common/imageView.do?targetId=PR00000862&targetNm=PRODUCT,500,9,탁주,R_075
바텐더의막걸리,술담화,http://thesool.com/common/imageView.do?targetId=PR00000854&targetNm=PRODUCT,500,14,탁주,R_076
눈내린여름밤,이대앞양조장,http://thesool.com/common/imageView.do?targetId=PR00000851&targetNm=PRODUCT,375,12,탁주,R_077
담진주,내올담 양조장,http://thesool.com/common/imageView.do?targetId=PR00000849&targetNm=PRODUCT,500,9,탁주,R_078
김유정역,농업회사법인 예술,http://thesool.com/common/imageView.do?targetId=PR00000845&targetNm=PRODUCT,300,6,탁주,R_079
골목막걸리 프리미엄 12,골목양조장,http://thesool.com/common/imageView.do?targetId=PR00000844&targetNm=PRODUCT,350,12,탁주,R_080
가와지탁주,배다리도가,http://thesool.com/common/imageView.do?targetId=PR00000843&targetNm=PRODUCT,500,7.5,탁주,R_081
메들리손막걸리,메들리 주식회사,http://thesool.com/common/imageView.do?targetId=PR00000839&targetNm=PRODUCT,375,8,탁주,R_082
자작막걸리,양온소온양조장,http://thesool.com/common/imageView.do?targetId=PR00000838&targetNm=PRODUCT,500,12,탁주,R_083
백구막걸리,한통술양조장,http://thesool.com/common/imageView.do?targetId=PR00000831&targetNm=PRODUCT,330,8,탁주,R_084
한영석 하향주,한영석의발효연구소,http://thesool.com/common/imageView.do?targetId=PR00000828&targetNm=PRODUCT,375,13.8,탁주,R_085
맑은내일 스파클링막걸리 Signature,농업회사법인 우포의아침 주식회사,http://thesool.com/common/imageView.do?targetId=PR00000825&targetNm=PRODUCT,970,6,탁주,R_086
맑은내일 발효막걸리 Signature,농업회사법인 우포의아침 주식회사,http://thesool.com/common/imageView.do?targetId=PR00000824&targetNm=PRODUCT,930,6.5,탁주,R_087
별산오디 스파클링 막걸리,양주도가,http://thesool.com/common/imageView.do?targetId=PR00000821&targetNm=PRODUCT,800,6,탁주,R_088
딸링 막걸리,다도참주가,http://thesool.com/common/imageView.do?targetId=PR00000817&targetNm=PRODUCT,650,5.5,탁주,R_089
주홍춘,술빚는전가네,http://thesool.com/common/imageView.do?targetId=PR00000800&targetNm=PRODUCT,350,10,탁주,R_090
정감생막걸리,악양주조,http://thesool.com/common/imageView.do?targetId=PR00000799&targetNm=PRODUCT,750,6,탁주,R_091
악양생막걸리,악양주조,http://thesool.com/common/imageView.do?targetId=PR00000798&targetNm=PRODUCT,750,6,탁주,R_092
시향가 미니캔막걸리,시향가주식회사,http://thesool.com/common/imageView.do?targetId=PR00000797&targetNm=PRODUCT,200,8,탁주,R_093
도구막걸리,동해명주,http://thesool.com/common/imageView.do?targetId=PR00000763&targetNm=PRODUCT,750,6,탁주,R_094
곤드레생막걸리,정선명주,http://thesool.com/common/imageView.do?targetId=PR00000762&targetNm=PRODUCT,750,6,탁주,R_095
한강의설레임,김포도가두두,http://thesool.com/common/imageView.do?targetId=PR00000760&targetNm=PRODUCT,600,11,탁주,R_096
하얀까마귀,오산양조,http://thesool.com/common/imageView.do?targetId=PR00000725&targetNm=PRODUCT,850,8,탁주,R_097
팔팔막걸리,팔팔양조장,http://thesool.com/common/imageView.do?targetId=PR00000724&targetNm=PRODUCT,750,6,탁주,R_098
청주신선주탁주,농업회사법인㈜신선,http://thesool.com/common/imageView.do?targetId=PR00000723&targetNm=PRODUCT,500,10,탁주,R_099
지란지교 무화과 탁주,(유)친구들의술지란지교,http://thesool.com/common/imageView.do?targetId=PR00000722&targetNm=PRODUCT,500,12,탁주,R_100
일엽편주,농암종택 전통주,http://thesool.com/common/imageView.do?targetId=PR00000721&targetNm=PRODUCT,750,12,탁주,R_101
양조학당 뜰,양조학당,http://thesool.com/common/imageView.do?targetId=PR00000719&targetNm=PRODUCT,500,12,탁주,R_102
아임프리6.0,술샘,http://thesool.com/common/imageView.do?targetId=PR00000718&targetNm=PRODUCT,500,6,탁주,R_103
북극곰 막걸리,동해명주,http://thesool.com/common/imageView.do?targetId=PR00000717&targetNm=PRODUCT,750,6,탁주,R_104
봇뜰 막걸리 10도,봇뜰,http://thesool.com/common/imageView.do?targetId=PR00000716&targetNm=PRODUCT,750,10,탁주,R_105
백수환동주,봇뜰,http://thesool.com/common/imageView.do?targetId=PR00000715&targetNm=PRODUCT,375,12,탁주,R_106
말이야 막걸리야,시향가,http://thesool.com/common/imageView.do?targetId=PR00000714&targetNm=PRODUCT,200,6,탁주,R_107
님 그리다,가야양조장,http://thesool.com/common/imageView.do?targetId=PR00000713&targetNm=PRODUCT,750,6,탁주,R_108
냥이탁주 fresh,행주산성주가,http://thesool.com/common/imageView.do?targetId=PR00000712&targetNm=PRODUCT,350,5,탁주,R_109
냥이탁주 9도,행주산성주가,http://thesool.com/common/imageView.do?targetId=PR00000711&targetNm=PRODUCT,350,9,탁주,R_110
금풍양조,금풍양조장,http://thesool.com/common/imageView.do?targetId=PR00000710&targetNm=PRODUCT,750,6.9,탁주,R_111
관악산생막걸리,별네트웍스 과천도가,http://thesool.com/common/imageView.do?targetId=PR00000709&targetNm=PRODUCT,1000,6,탁주,R_112
과천미주,과천도가,http://thesool.com/common/imageView.do?targetId=PR00000708&targetNm=PRODUCT,500,9,탁주,R_113
G12 골디락스,청산녹수,http://thesool.com/common/imageView.do?targetId=PR00000707&targetNm=PRODUCT,500,12,탁주,R_114
은자골 생 탁배기,은척양조장,http://thesool.com/common/imageView.do?targetId=PR00000706&targetNm=PRODUCT,750,5,탁주,R_115
맑은내일 스파클링 막걸리,우포의아침,http://thesool.com/common/imageView.do?targetId=PR00000705&targetNm=PRODUCT,750,5,탁주,R_116
이화주,양주골이가전통주,http://thesool.com/common/imageView.do?targetId=PR00000675&targetNm=PRODUCT,120,8.5,탁주,R_117
인천 생 소성주,인천탁주,http://thesool.com/common/imageView.do?targetId=PR00000674&targetNm=PRODUCT,750,6,탁주,R_118
자희향,자희자양,http://thesool.com/common/imageView.do?targetId=PR00000672&targetNm=PRODUCT,500,12,탁주,R_119
자희향 나비,자희자양,http://thesool.com/common/imageView.do?targetId=PR00000671&targetNm=PRODUCT,500,8,탁주,R_120
DOK막걸리,독브루어리,http://thesool.com/common/imageView.do?targetId=PR00000669&targetNm=PRODUCT,1000,6,탁주,R_121
주산지 막걸리,청송양조장,http://thesool.com/common/imageView.do?targetId=PR00000668&targetNm=PRODUCT,750,6,탁주,R_122
죽향 생 막걸리,농업회사법인 (주)죽향도가,http://thesool.com/common/imageView.do?targetId=PR00000667&targetNm=PRODUCT,750,6,탁주,R_123
지장수 호박 생 막걸리,낙천,http://thesool.com/common/imageView.do?targetId=PR00000666&targetNm=PRODUCT,750,6,탁주,R_124
지평 생 쌀막걸리,지평주조,http://thesool.com/common/imageView.do?targetId=PR00000665&targetNm=PRODUCT,700,5,탁주,R_125
지평 생 옛막걸리,지평주조,http://thesool.com/common/imageView.do?targetId=PR00000664&targetNm=PRODUCT,1700,5,탁주,R_126
두륜탁주,삼산주조장,http://thesool.com/common/imageView.do?targetId=PR00000663&targetNm=PRODUCT,1700,6,탁주,R_127
찹쌀생막걸리 9도,삼산주조장,http://thesool.com/common/imageView.do?targetId=PR00000662&targetNm=PRODUCT,750,9,탁주,R_128
찹쌀 생막걸리 12도,삼산주조장,http://thesool.com/common/imageView.do?targetId=PR00000661&targetNm=PRODUCT,750,12,탁주,R_129
황도배기 햅쌀막걸리,우리술,http://thesool.com/common/imageView.do?targetId=PR00000250&targetNm=PRODUCT,900,6,탁주,R_130
고향인삼막걸리,(주) 찬우물,http://thesool.com/common/imageView.do?targetId=PR00000248&targetNm=PRODUCT,750,6,탁주,R_131
이천쌀생막걸리,오성주조장,http://thesool.com/common/imageView.do?targetId=PR00000247&targetNm=PRODUCT,750,6,탁주,R_132
입장탁주,(농) 입장주조㈜,http://thesool.com/common/imageView.do?targetId=PR00000245&targetNm=PRODUCT,750,7,탁주,R_133
왕매실 막걸리,순성왕매실영농조합,http://thesool.com/common/imageView.do?targetId=PR00000243&targetNm=PRODUCT,750,6,탁주,R_134
고향생막걸리,(주) 찬우물,http://thesool.com/common/imageView.do?targetId=PR00000241&targetNm=PRODUCT,750,6,탁주,R_135
미담,(주)성광주조,http://thesool.com/common/imageView.do?targetId=PR00000240&targetNm=PRODUCT,750,6,탁주,R_136
지장수 호박막걸리,낙천,http://thesool.com/common/imageView.do?targetId=PR00000239&targetNm=PRODUCT,550,6,탁주,R_137
산천어막걸리,화천주가,http://thesool.com/common/imageView.do?targetId=PR00000237&targetNm=PRODUCT,750,6,탁주,R_138
톡쏘는 쌀 막걸리,우리술,http://thesool.com/common/imageView.do?targetId=PR00000236&targetNm=PRODUCT,750,6,탁주,R_139
새송이 쌀막걸리 정,영덕주조,http://thesool.com/common/imageView.do?targetId=PR00000234&targetNm=PRODUCT,750,6,탁주,R_140
하얀연꽃 백련막걸리,신평양조장,http://thesool.com/common/imageView.do?targetId=PR00000233&targetNm=PRODUCT,375,7,탁주,R_141
백년친구 풍기홍삼막걸리,만수주조(영농조합법인),http://thesool.com/common/imageView.do?targetId=PR00000232&targetNm=PRODUCT,750,6,탁주,R_142
구암대추막걸리,구암농산,http://thesool.com/common/imageView.do?targetId=PR00000230&targetNm=PRODUCT,1000,6,탁주,R_143
세종 쌀막걸리,조은술 세종,http://thesool.com/common/imageView.do?targetId=PR00000229&targetNm=PRODUCT,750,6,탁주,R_144
울금생막걸리 정,영덕주조,http://thesool.com/common/imageView.do?targetId=PR00000228&targetNm=PRODUCT,750,6,탁주,R_145
하얀연꽃 백련생막걸리,신평양조장,http://thesool.com/common/imageView.do?targetId=PR00000227&targetNm=PRODUCT,375,7,탁주,R_146
불로생우리쌀막걸리,불로생우리쌀막걸리,http://thesool.com/common/imageView.do?targetId=PR00000226&targetNm=PRODUCT,750,6,탁주,R_147
백년친구 쌀막걸리,만수주조(영농조합법인),http://thesool.com/common/imageView.do?targetId=PR00000225&targetNm=PRODUCT,750,6,탁주,R_148
팔공산미나리 생막걸리,성포양조장,http://thesool.com/common/imageView.do?targetId=PR00000224&targetNm=PRODUCT,750,6,탁주,R_149
자연담은 복분자막걸리,(농)국순당고창명주㈜,http://thesool.com/common/imageView.do?targetId=PR00000223&targetNm=PRODUCT,360,6,탁주,R_150
천마이야기 막걸리,농업회사법인산들벗(주),http://thesool.com/common/imageView.do?targetId=PR00000221&targetNm=PRODUCT,750,6,탁주,R_151
줄포 생막걸리,내변산(동진주조),http://thesool.com/common/imageView.do?targetId=PR00000219&targetNm=PRODUCT,750,6,탁주,R_152
안양동동주,안양주조장,http://thesool.com/common/imageView.do?targetId=PR00000218&targetNm=PRODUCT,1700,6,탁주,R_153
우렁이쌀 손 막걸리,양촌양조,http://thesool.com/common/imageView.do?targetId=PR00000217&targetNm=PRODUCT,750,7.5,탁주,R_154
문희 탁주,문경주조,http://thesool.com/common/imageView.do?targetId=PR00000214&targetNm=PRODUCT,700,13,탁주,R_155
사미인주,청산녹수,http://thesool.com/common/imageView.do?targetId=PR00000212&targetNm=PRODUCT,750,8,탁주,R_156
2017년 햅쌀로 빚은 첫술,국순당,http://thesool.com/common/imageView.do?targetId=PR00000211&targetNm=PRODUCT,750,7,탁주,R_157
1932 새싹땅콩+햅쌀/흑미,(주)1932 포천일동막걸리,http://thesool.com/common/imageView.do?targetId=PR00000210&targetNm=PRODUCT,500,6,탁주,R_158
금정산성막걸리,금정산성 토산주,http://thesool.com/common/imageView.do?targetId=PR00000209&targetNm=PRODUCT,750,8,탁주,R_159
부안참뽕막걸리,동진주조,http://thesool.com/common/imageView.do?targetId=PR00000208&targetNm=PRODUCT,950,6,탁주,R_160
술취한 원숭이,술샘,http://thesool.com/common/imageView.do?targetId=PR00000207&targetNm=PRODUCT,375,10.8,탁주,R_161
호랑이배꼽,밝은세상영농조합,http://thesool.com/common/imageView.do?targetId=PR00000206&targetNm=PRODUCT,350,6.5,탁주,R_162
우리밀 막걸리 향수,이원양조장,http://thesool.com/common/imageView.do?targetId=PR00000205&targetNm=PRODUCT,700,9,탁주,R_163
홍천강 탁주,예술주조,http://thesool.com/common/imageView.do?targetId=PR00000204&targetNm=PRODUCT,500,11,탁주,R_164
배꽃 필 무렵,예술주조,http://thesool.com/common/imageView.do?targetId=PR00000203&targetNm=PRODUCT,20,9,탁주,R_165
미소 생막걸리,울진술도가,http://thesool.com/common/imageView.do?targetId=PR00000202&targetNm=PRODUCT,750,7,탁주,R_166
왕피천을 품은 미소생막걸리,울진술도가,http://thesool.com/common/imageView.do?targetId=PR00000201&targetNm=PRODUCT,750,7,탁주,R_167
붉은 원숭이,술샘,http://thesool.com/common/imageView.do?targetId=PR00000200&targetNm=PRODUCT,375,10.8,탁주,R_168
느린마을 막걸리,배상면주가,http://thesool.com/common/imageView.do?targetId=PR00000199&targetNm=PRODUCT,750,6,탁주,R_169
부자,배혜정도가,http://thesool.com/common/imageView.do?targetId=PR00000198&targetNm=PRODUCT,375,16,탁주,R_170
부자 송산포도,배혜정도가,http://thesool.com/common/imageView.do?targetId=PR00000197&targetNm=PRODUCT,375,9,탁주,R_171
매화마름 호랑이 막걸리,배혜정도가,http://thesool.com/common/imageView.do?targetId=PR00000196&targetNm=PRODUCT,375,7,탁주,R_172
우곡주,배혜정도가,http://thesool.com/common/imageView.do?targetId=PR00000195&targetNm=PRODUCT,375,13,탁주,R_173
백련 생막걸리 snow (스노우),신평양조장,http://thesool.com/common/imageView.do?targetId=PR00000194&targetNm=PRODUCT,750,6,탁주,R_174
꿀막걸리,청산녹수,http://thesool.com/common/imageView.do?targetId=PR00000193&targetNm=PRODUCT,750,8,탁주,R_175
생탁주,청산녹수,http://thesool.com/common/imageView.do?targetId=PR00000192&targetNm=PRODUCT,750,6,탁주,R_176
호담 산양산삼 막걸리,대농바이오우리산삼,http://thesool.com/common/imageView.do?targetId=PR00000191&targetNm=PRODUCT,750,6,탁주,R_177
월매 쌀막걸리(캔),서울장수㈜,http://thesool.com/common/imageView.do?targetId=PR00000190&targetNm=PRODUCT,350,6,탁주,R_178
시인의마을,이원양조장,http://thesool.com/common/imageView.do?targetId=PR00000189&targetNm=PRODUCT,700,10,탁주,R_179
아이원 막걸리,이원양조장,http://thesool.com/common/imageView.do?targetId=PR00000188&targetNm=PRODUCT,750,6,탁주,R_180
도문대작 생막걸리,방풍도가,http://thesool.com/common/imageView.do?targetId=PR00000187&targetNm=PRODUCT,750,10,탁주,R_181
미인탁주,최행숙전통주가,http://thesool.com/common/imageView.do?targetId=PR00000186&targetNm=PRODUCT,500,10,탁주,R_182
삼양춘 생탁주,송도향전통주조,http://thesool.com/common/imageView.do?targetId=PR00000185&targetNm=PRODUCT,500,12.5,탁주,R_183
술예쁘다 생탁주,좋은술,http://thesool.com/common/imageView.do?targetId=PR00000184&targetNm=PRODUCT,500,13,탁주,R_184
김포 막걸리,김포양조,http://thesool.com/common/imageView.do?targetId=PR00000183&targetNm=PRODUCT,750,6,탁주,R_185
양촌 생 막걸리,양촌양조,http://thesool.com/common/imageView.do?targetId=PR00000182&targetNm=PRODUCT,750,6,탁주,R_186
양촌 생 동동주,양촌양조,http://thesool.com/common/imageView.do?targetId=PR00000181&targetNm=PRODUCT,750,10,탁주,R_187
동정춘,농업회사법인㈜산수,http://thesool.com/common/imageView.do?targetId=PR00000180&targetNm=PRODUCT,500,8,탁주,R_188
백자주,농업회사법인㈜산수,http://thesool.com/common/imageView.do?targetId=PR00000179&targetNm=PRODUCT,500,10,탁주,R_189
안성맞춤 생막걸리,한주양조,http://thesool.com/common/imageView.do?targetId=PR00000178&targetNm=PRODUCT,1000,6,탁주,R_190
선호 생막걸리,김포금쌀탁주영농조합법인,http://thesool.com/common/imageView.do?targetId=PR00000177&targetNm=PRODUCT,750,6,탁주,R_191
송명섭 막걸리,태인합동주조장,http://thesool.com/common/imageView.do?targetId=PR00000176&targetNm=PRODUCT,500,6,탁주,R_192
술아 핸드메이드 막걸리,술아원,http://thesool.com/common/imageView.do?targetId=PR00000175&targetNm=PRODUCT,450,8,탁주,R_193
오희 스파클링 막걸리,문경주조,http://thesool.com/common/imageView.do?targetId=PR00000174&targetNm=PRODUCT,500,8.5,탁주,R_194
천비향 오양주 탁주,좋은술,http://thesool.com/common/imageView.do?targetId=PR00000173&targetNm=PRODUCT,500,14,탁주,R_195
술그리다 생탁주,좋은술,http://thesool.com/common/imageView.do?targetId=PR00000172&targetNm=PRODUCT,500,10,탁주,R_196
국순당 생막걸리 대박,국순당,http://thesool.com/common/imageView.do?targetId=PR00000171&targetNm=PRODUCT,750,6,탁주,R_197
1000억 유산균 막걸리,국순당,http://thesool.com/common/imageView.do?targetId=PR00000170&targetNm=PRODUCT,750,5,탁주,R_198
옛날막걸리 古,국순당,http://thesool.com/common/imageView.do?targetId=PR00000169&targetNm=PRODUCT,750,8,탁주,R_199
국순당 이화주,국순당,http://thesool.com/common/imageView.do?targetId=PR00000168&targetNm=PRODUCT,400,12.5,탁주,R_200
편백숲 산소막걸리,청산녹수,http://thesool.com/common/imageView.do?targetId=PR00000167&targetNm=PRODUCT,750,5.2,탁주,R_201
편백숲 산소막걸리 순수령,청산녹수,http://thesool.com/common/imageView.do?targetId=PR00000166&targetNm=PRODUCT,750,5.8,탁주,R_202
편백숲 산소막걸리 순수령 8%,청산녹수,http://thesool.com/common/imageView.do?targetId=PR00000165&targetNm=PRODUCT,750,8,탁주,R_203
편백숲 산소막걸리 딸기 스파클링,청산녹수,http://thesool.com/common/imageView.do?targetId=PR00000164&targetNm=PRODUCT,940,6.8,탁주,R_204
편백숲 산소막걸리 스파클링,청산녹수,http://thesool.com/common/imageView.do?targetId=PR00000163&targetNm=PRODUCT,940,6.8,탁주,R_205
지리산 정담 생쌀 막걸리,지리산 운봉주조,http://thesool.com/common/imageView.do?targetId=PR00000161&targetNm=PRODUCT,750,6,탁주,R_206
세종 알밤주,조은술 세종,http://thesool.com/common/imageView.do?targetId=PR00000160&targetNm=PRODUCT,750,6,탁주,R_207
세종청주생막걸리,조은술 세종,http://thesool.com/common/imageView.do?targetId=PR00000159&targetNm=PRODUCT,750,6,탁주,R_208
가평 잣 생막걸리,우리술,http://thesool.com/common/imageView.do?targetId=PR00000158&targetNm=PRODUCT,750,6,탁주,R_209
톡쏘는 알밤동동,우리술,http://thesool.com/common/imageView.do?targetId=PR00000157&targetNm=PRODUCT,750,6,탁주,R_210
톡쏘는 고구마동동,우리술,http://thesool.com/common/imageView.do?targetId=PR00000156&targetNm=PRODUCT,750,6,탁주,R_211
톡쏘는 옥수수동동,우리술,http://thesool.com/common/imageView.do?targetId=PR00000155&targetNm=PRODUCT,750,6,탁주,R_212
광양 생 막걸리,광양주조공사,http://thesool.com/common/imageView.do?targetId=PR00000154&targetNm=PRODUCT,750,5,탁주,R_213
광양 생 막걸리 골드,광양주조공사,http://thesool.com/common/imageView.do?targetId=PR00000153&targetNm=PRODUCT,750,5,탁주,R_214
메로니아,배혜정도가,http://thesool.com/common/imageView.do?targetId=PR00000151&targetNm=PRODUCT,750,4,탁주,R_215
심술6 막걸리,배상면주가,http://thesool.com/common/imageView.do?targetId=PR00000150&targetNm=PRODUCT,500,6,탁주,R_216
술헤는밤,두루전통양조,http://thesool.com/common/imageView.do?targetId=PR00000149&targetNm=PRODUCT,750,8,탁주,R_217
유자향주,청정영농조합법인,http://thesool.com/common/imageView.do?targetId=PR00000148&targetNm=PRODUCT,750,6,탁주,R_218
걍즐겨,디오케이브루어리,http://thesool.com/common/imageView.do?targetId=PR00000147&targetNm=PRODUCT,600,8,탁주,R_219
우도땅콩전통주,조은술 세종,http://thesool.com/common/imageView.do?targetId=PR00000146&targetNm=PRODUCT,750,6,탁주,R_220
배꽃담은연,(주)농업회사법인 술 빚는 전가네,http://thesool.com/common/imageView.do?targetId=PR00000143&targetNm=PRODUCT,720,10,탁주,R_221
대대포 막걸리,농업회사법인 (주)담양죽향도가,http://thesool.com/common/imageView.do?targetId=PR00000142&targetNm=PRODUCT,750,6,탁주,R_222
장수 생막걸리,서울장수주식회사,http://thesool.com/common/imageView.do?targetId=PR00000141&targetNm=PRODUCT,750,6,탁주,R_223
복순도가 손막걸리,복순도가,http://thesool.com/common/imageView.do?targetId=PR00000140&targetNm=PRODUCT,935,6.5,탁주,R_224
복순도가 탁주,복순도가,http://thesool.com/common/imageView.do?targetId=PR00000139&targetNm=PRODUCT,935,10,탁주,R_225
아띠,배상면주가,http://thesool.com/common/imageView.do?targetId=PR00000138&targetNm=PRODUCT,450,6,탁주,R_226
호두땅콩막걸리,배혜정도가,http://thesool.com/common/imageView.do?targetId=PR00000137&targetNm=PRODUCT,750,6,탁주,R_227
나루 생 막걸리 6도,한강주조,http://thesool.com/common/imageView.do?targetId=PR00000136&targetNm=PRODUCT,935,6,탁주,R_228
나루 생 막걸리 11.5도,한강주조,http://thesool.com/common/imageView.do?targetId=PR00000135&targetNm=PRODUCT,500,11.5,탁주,R_229
술공방 9.0 막걸리,아리랑주조,http://thesool.com/common/imageView.do?targetId=PR00000134&targetNm=PRODUCT,500,9,탁주,R_230
희양산 막걸리 9도,두술도가,http://thesool.com/common/imageView.do?targetId=PR00000133&targetNm=PRODUCT,750,9,탁주,R_231
희양산 막걸리 15도,두술도가,http://thesool.com/common/imageView.do?targetId=PR00000132&targetNm=PRODUCT,500,15,탁주,R_232
우렁이쌀 손막걸리 DRY,양촌양조,http://thesool.com/common/imageView.do?targetId=PR00000131&targetNm=PRODUCT,500,7.5,탁주,R_233
해창 막걸리 9도,해창주조장,http://thesool.com/common/imageView.do?targetId=PR00000130&targetNm=PRODUCT,900,9,탁주,R_234
호모루덴스,산수양조장,http://thesool.com/common/imageView.do?targetId=PR00000129&targetNm=PRODUCT,500,12,탁주,R_235
동래아들,제이케이크래프트,http://thesool.com/common/imageView.do?targetId=PR00000128&targetNm=PRODUCT,750,6,탁주,R_236
야관문 쌀 막걸리,지리산 운봉주조,http://thesool.com/common/imageView.do?targetId=PR00000127&targetNm=PRODUCT,750,6,탁주,R_237
지리산 허브잎술 쌀 막걸리,지리산 운봉주조,http://thesool.com/common/imageView.do?targetId=PR00000126&targetNm=PRODUCT,750,6,탁주,R_238
풍정사계 추(秋),풍정사계,http://thesool.com/common/imageView.do?targetId=PR00000125&targetNm=PRODUCT,500,12,탁주,R_239
별산막걸리,양주도가,http://thesool.com/common/imageView.do?targetId=PR00000124&targetNm=PRODUCT,800,6.5,탁주,R_240
영탁막걸리,예천양조,http://thesool.com/common/imageView.do?targetId=PR00000123&targetNm=PRODUCT,750,6,탁주,R_241
연오랑탁주,동해명주,http://thesool.com/common/imageView.do?targetId=PR00000122&targetNm=PRODUCT,750,12,탁주,R_242
동해동동주,동해명주,http://thesool.com/common/imageView.do?targetId=PR00000121&targetNm=PRODUCT,750,6,탁주,R_243
세오녀탁주,동해명주,http://thesool.com/common/imageView.do?targetId=PR00000120&targetNm=PRODUCT,750,6,탁주,R_244
구름을 벗삼아,문경주조,http://thesool.com/common/imageView.do?targetId=PR00000118&targetNm=PRODUCT,750,12,탁주,R_245
지평 이랑이랑,지평주조,http://thesool.com/common/imageView.do?targetId=PR00000117&targetNm=PRODUCT,750,5,탁주,R_246
씨(C) 막걸리 시그니처 큐베,씨(C) 막걸리,http://thesool.com/common/imageView.do?targetId=PR00000116&targetNm=PRODUCT,500,12,탁주,R_247
씨(C) 옐로막걸리,씨(C) 막걸리,http://thesool.com/common/imageView.do?targetId=PR00000115&targetNm=PRODUCT,500,12,탁주,R_248
씨(C) 그린막걸리,씨(C) 막걸리,http://thesool.com/common/imageView.do?targetId=PR00000114&targetNm=PRODUCT,500,12,탁주,R_249
담은,(주)1932포천일동막걸리,http://thesool.com/common/imageView.do?targetId=PR00000112&targetNm=PRODUCT,750,6.5,탁주,R_250
호랑이 생 막걸리,배혜정도가,http://thesool.com/common/imageView.do?targetId=PR00000111&targetNm=PRODUCT,750,6,탁주,R_251
이화백주 순탁주,이화백주,http://thesool.com/common/imageView.do?targetId=PR00000110&targetNm=PRODUCT,940,6,탁주,R_252
시향가,농업회사법인 시향가(주),http://thesool.com/common/imageView.do?targetId=PR00000109&targetNm=PRODUCT,500,8,탁주,R_253
장홍삼 장수 막걸리,서울장수(주),http://thesool.com/common/imageView.do?targetId=PR00000108&targetNm=PRODUCT,750,6,탁주,R_254
맑은내일 발효 막걸리,우포의 아침 주식회사,http://thesool.com/common/imageView.do?targetId=PR00000107&targetNm=PRODUCT,930,6.5,탁주,R_255
만강에 비친 달,예술주조,http://thesool.com/common/imageView.do?targetId=PR00000106&targetNm=PRODUCT,500,10,탁주,R_256
역전주,역전양조장 (역전회관),http://thesool.com/common/imageView.do?targetId=PR00000105&targetNm=PRODUCT,600,9,탁주,R_257
인생막걸리,서울장수(주),http://thesool.com/common/imageView.do?targetId=PR00000104&targetNm=PRODUCT,750,5,탁주,R_258
볼빨간막걸리 7,벗드림양조장,http://thesool.com/common/imageView.do?targetId=PR00000103&targetNm=PRODUCT,500,7,탁주,R_259
백년향,추연당,http://thesool.com/common/imageView.do?targetId=PR00000102&targetNm=PRODUCT,500,10,탁주,R_260
도깨비술 11,농업회사법인 (주)도깨비양조장,http://thesool.com/common/imageView.do?targetId=PR00000101&targetNm=PRODUCT,750,11,탁주,R_261
토끼구름,운곡도가,http://thesool.com/common/imageView.do?targetId=PR00000100&targetNm=PRODUCT,750,6.8,탁주,R_262
아임프리,술샘,http://thesool.com/common/imageView.do?targetId=PR00000099&targetNm=PRODUCT,500,9,탁주,R_263
다랭이팜 생막걸리,농업회사법인 주식회사 다랭이팜,http://thesool.com/common/imageView.do?targetId=PR00000098&targetNm=PRODUCT,750,6,탁주,R_264
손가네 태종대 개똥쑥생막걸리,태종대양조,http://thesool.com/common/imageView.do?targetId=PR00000097&targetNm=PRODUCT,750,6,탁주,R_265
동백우리쌀생막걸리,(주)동백양조,http://thesool.com/common/imageView.do?targetId=PR00000096&targetNm=PRODUCT,750,6,탁주,R_266
다랭이팜 유자 막걸리,농업회사법인 주식회사 다랭이팜,http://thesool.com/common/imageView.do?targetId=PR00000095&targetNm=PRODUCT,750,6,탁주,R_267
황감찰,운곡도가,http://thesool.com/common/imageView.do?targetId=PR00000094&targetNm=PRODUCT,750,8,탁주,R_268
양지백주,양지술곳간,http://thesool.com/common/imageView.do?targetId=PR00000093&targetNm=PRODUCT,500,15,탁주,R_269
우곡생주,배혜정도가,http://thesool.com/common/imageView.do?targetId=PR00000092&targetNm=PRODUCT,750,10,탁주,R_270
기다림 16,제이케이크래프트,http://thesool.com/common/imageView.do?targetId=PR00000091&targetNm=PRODUCT,750,9,탁주,R_271
기다림 25,제이케이크래프트,http://thesool.com/common/imageView.do?targetId=PR00000090&targetNm=PRODUCT,750,8,탁주,R_272
기다림 34,제이케이크래프트,http://thesool.com/common/imageView.do?targetId=PR00000089&targetNm=PRODUCT,500,12,탁주,R_273
까메오 막걸리,낙천,http://thesool.com/common/imageView.do?targetId=PR00000088&targetNm=PRODUCT,550,6,탁주,R_274
도깨비술 9,도깨비양조장,http://thesool.com/common/imageView.do?targetId=PR00000085&targetNm=PRODUCT,750,9,탁주,R_275
도깨비술 7,도깨비양조장,http://thesool.com/common/imageView.do?targetId=PR00000084&targetNm=PRODUCT,750,7,탁주,R_276
매실 막걸리,백운주가,http://thesool.com/common/imageView.do?targetId=PR00000082&targetNm=PRODUCT,750,7,탁주,R_277
방문주 탁주,케이소주,http://thesool.com/common/imageView.do?targetId=PR00000081&targetNm=PRODUCT,500,15,탁주,R_278
바랑 탁,금계당,http://thesool.com/common/imageView.do?targetId=PR00000080&targetNm=PRODUCT,375,15,탁주,R_279
미생 막걸리,김포금쌀탁주 영농조합법인,http://thesool.com/common/imageView.do?targetId=PR00000079&targetNm=PRODUCT,750,6,탁주,R_280
문삼이공(moon320) 잣 주,마마스팜,http://thesool.com/common/imageView.do?targetId=PR00000078&targetNm=PRODUCT,500,12,탁주,R_281
병영설성 동동주,병영양조장,http://thesool.com/common/imageView.do?targetId=PR00000077&targetNm=PRODUCT,1700,6,탁주,R_282
병영설성 생막걸리,병영양조장,http://thesool.com/common/imageView.do?targetId=PR00000076&targetNm=PRODUCT,750,6,탁주,R_283
볼빨간막걸리 10,농업회사법인 (주)벗드림,http://thesool.com/common/imageView.do?targetId=PR00000075&targetNm=PRODUCT,500,10,탁주,R_284
봉하쌀 생막걸리,농업회사법인 (주)봉하마을,http://thesool.com/common/imageView.do?targetId=PR00000074&targetNm=PRODUCT,750,6,탁주,R_285
산막 생유 막걸리,농업회사법인 신탄진주조(주),http://thesool.com/common/imageView.do?targetId=PR00000073&targetNm=PRODUCT,750,6,탁주,R_286
산정호수 동정춘막걸리,(주)농업회사법인 술 빚는 전가네,http://thesool.com/common/imageView.do?targetId=PR00000072&targetNm=PRODUCT,720,6,탁주,R_287
삼선,농업회사법인 두루(주),http://thesool.com/common/imageView.do?targetId=PR00000071&targetNm=PRODUCT,500,10,탁주,R_288
생 청주 막걸리,조은술 세종,http://thesool.com/common/imageView.do?targetId=PR00000070&targetNm=PRODUCT,750,6,탁주,R_289
석탄주 탁주,케이소주,http://thesool.com/common/imageView.do?targetId=PR00000069&targetNm=PRODUCT,500,15,탁주,R_290
선운산의 아침 복분자 막걸리,국순당고창명주㈜,http://thesool.com/common/imageView.do?targetId=PR00000068&targetNm=PRODUCT,750,6,탁주,R_291
설성 만월 막걸리,병영주조장,http://thesool.com/common/imageView.do?targetId=PR00000067&targetNm=PRODUCT,750,6,탁주,R_292
설하담,리큐랩주식회사,http://thesool.com/common/imageView.do?targetId=PR00000066&targetNm=PRODUCT,950,8,탁주,R_293
성포 생막걸리,성포양조장,http://thesool.com/common/imageView.do?targetId=PR00000065&targetNm=PRODUCT,750,6,탁주,R_294
세종대왕어주 탁주,장희도가,http://thesool.com/common/imageView.do?targetId=PR00000064&targetNm=PRODUCT,500,13,탁주,R_295
소양강 생 막걸리,"소양강도가(구, 천정양조장)",http://thesool.com/common/imageView.do?targetId=PR00000063&targetNm=PRODUCT,750,6,탁주,R_296
아이싱 자몽,국순당,http://thesool.com/common/imageView.do?targetId=PR00000062&targetNm=PRODUCT,350,4,탁주,R_297
얼떨결에,동강주조,http://thesool.com/common/imageView.do?targetId=PR00000061&targetNm=PRODUCT,920,6,탁주,R_298
연천 아주,농업회사법인 연천양조㈜,http://thesool.com/common/imageView.do?targetId=PR00000060&targetNm=PRODUCT,750,8,탁주,R_299
영일만친구 막걸리,동해명주,http://thesool.com/common/imageView.do?targetId=PR00000059&targetNm=PRODUCT,750,6,탁주,R_300
오곡 진상주,대강양조장,http://thesool.com/common/imageView.do?targetId=PR00000058&targetNm=PRODUCT,750,7,탁주,R_301
오매백주,농업회사법인 오산양조(주),http://thesool.com/common/imageView.do?targetId=PR00000057&targetNm=PRODUCT,500,12,탁주,R_302
가야 프리미엄 막걸리,가야양조장,http://thesool.com/common/imageView.do?targetId=PR00000056&targetNm=PRODUCT,750,6,탁주,R_303
오미자 생막걸리,문경주조,http://thesool.com/common/imageView.do?targetId=PR00000055&targetNm=PRODUCT,750,6.5,탁주,R_304
오산막걸리,농업회사법인 오산양조㈜,http://thesool.com/common/imageView.do?targetId=PR00000054&targetNm=PRODUCT,500,6,탁주,R_305
행운 생유자 동동주,성포양조장,http://thesool.com/common/imageView.do?targetId=PR00000053&targetNm=PRODUCT,750,6,탁주,R_306
율무 동동주,농업회사법인 연천양조㈜,http://thesool.com/common/imageView.do?targetId=PR00000052&targetNm=PRODUCT,750,14,탁주,R_307
이동 생 쌀 막걸리,이동주조,http://thesool.com/common/imageView.do?targetId=PR00000050&targetNm=PRODUCT,750,6,탁주,R_308
만세 보령주,영농조합법인 보령전통주,http://thesool.com/common/imageView.do?targetId=PR00001060&targetNm=PRODUCT,750,15,청주,C_001
대담 15,대밭고을,http://thesool.com/common/imageView.do?targetId=PR00001057&targetNm=PRODUCT,500,15,청주,C_002
화전일취18 백화,농업회사법인주식회사지시울,http://thesool.com/common/imageView.do?targetId=PR00001042&targetNm=PRODUCT,500,18,청주,C_003
천상문,한산소곡주,http://thesool.com/common/imageView.do?targetId=PR00001023&targetNm=PRODUCT,500,18,청주,C_004
감싸주는날,농업회사법인(주) 두레박,http://thesool.com/common/imageView.do?targetId=PR00001007&targetNm=PRODUCT,750,16,청주,C_005
화전일취 15,농업회사법인 주식회사 지시울,http://thesool.com/common/imageView.do?targetId=PR00000985&targetNm=PRODUCT,500,15,청주,C_006
호산춘,문경호산춘,http://thesool.com/common/imageView.do?targetId=PR00000970&targetNm=PRODUCT,700,18,청주,C_007
청혼 블루,제이앤제이브루어리유한회사,http://thesool.com/common/imageView.do?targetId=PR00000966&targetNm=PRODUCT,375,15,청주,C_008
자자헌주,석이원주조,http://thesool.com/common/imageView.do?targetId=PR00000953&targetNm=PRODUCT,500,13,청주,C_009
한산소곡주 생주,한산소곡주,http://thesool.com/common/imageView.do?targetId=PR00000947&targetNm=PRODUCT,750,16,청주,C_010
장보고의 꿈 황칠약주,고금주조장,http://thesool.com/common/imageView.do?targetId=PR00000945&targetNm=PRODUCT,500,15,청주,C_011
일오백화이트,한산소곡주,http://thesool.com/common/imageView.do?targetId=PR00000933&targetNm=PRODUCT,700,18,청주,C_012
대천바다 금빛,명주도가,http://thesool.com/common/imageView.do?targetId=PR00000930&targetNm=PRODUCT,300,16,청주,C_013
하타,농업회사법인 신탄진주조㈜,http://thesool.com/common/imageView.do?targetId=PR00000922&targetNm=PRODUCT,500,16,청주,C_014
한청,주식회사 초가,http://thesool.com/common/imageView.do?targetId=PR00000913&targetNm=PRODUCT,300,15,청주,C_015
별,내국양조,http://thesool.com/common/imageView.do?targetId=PR00000898&targetNm=PRODUCT,375,20,청주,C_016
복순도가 과하주,복순도가,http://thesool.com/common/imageView.do?targetId=PR00000892&targetNm=PRODUCT,750,15,청주,C_017
과하주 온,양온소 온,http://thesool.com/common/imageView.do?targetId=PR00000891&targetNm=PRODUCT,500,18.5,청주,C_018
오마이갓스파클링,농업회사법인송도향 유한회사,http://thesool.com/common/imageView.do?targetId=PR00000881&targetNm=PRODUCT,500,9,청주,C_019
미나리싱싱주,조은술세종,http://thesool.com/common/imageView.do?targetId=PR00000874&targetNm=PRODUCT,300,14.5,청주,C_020
청혼골드,제이앤제이브루어리,http://thesool.com/common/imageView.do?targetId=PR00000867&targetNm=PRODUCT,375,19.5,청주,C_021
담골드,내올담 양조장,http://thesool.com/common/imageView.do?targetId=PR00000850&targetNm=PRODUCT,500,12,청주,C_022
메들리아카시아,메들리 주식회사,http://thesool.com/common/imageView.do?targetId=PR00000840&targetNm=PRODUCT,375,7,청주,C_023
맑은내일 유자,농업회사법인 맑은내일 주식회사,http://thesool.com/common/imageView.do?targetId=PR00000826&targetNm=PRODUCT,735,7,청주,C_024
삼양춘 스파클링,삼양춘,http://thesool.com/common/imageView.do?targetId=PR00000809&targetNm=PRODUCT,500,13,청주,C_025
느린마을 약주,배상면주가,http://thesool.com/common/imageView.do?targetId=PR00000784&targetNm=PRODUCT,700,12,청주,C_026
서설,술샘,http://thesool.com/common/imageView.do?targetId=PR00000759&targetNm=PRODUCT,375,13,청주,C_027
지란지교 약주,(유)친구들의술지란지교,http://thesool.com/common/imageView.do?targetId=PR00000735&targetNm=PRODUCT,375,17,청주,C_028
주교주,배다리도가,http://thesool.com/common/imageView.do?targetId=PR00000734&targetNm=PRODUCT,500,16,청주,C_029
일지춘,노금주가,http://thesool.com/common/imageView.do?targetId=PR00000733&targetNm=PRODUCT,375,15,청주,C_030
일엽편주,농암종택 전통주,http://thesool.com/common/imageView.do?targetId=PR00000732&targetNm=PRODUCT,375,15,청주,C_031
오 마이 갓,삼양춘,http://thesool.com/common/imageView.do?targetId=PR00000731&targetNm=PRODUCT,500,14,청주,C_032
복단지 350,술아원,http://thesool.com/common/imageView.do?targetId=PR00000730&targetNm=PRODUCT,350,14,청주,C_033
보리수헤는밤,백제명가주조,http://thesool.com/common/imageView.do?targetId=PR00000729&targetNm=PRODUCT,375,8,청주,C_034
매화깊은밤,백제명가주조,http://thesool.com/common/imageView.do?targetId=PR00000728&targetNm=PRODUCT,375,8,청주,C_035
고흥유자주 봄에디션,녹동양조장,http://thesool.com/common/imageView.do?targetId=PR00000727&targetNm=PRODUCT,500,8,청주,C_036
맑은내일 운암1945,우포의아침,http://thesool.com/common/imageView.do?targetId=PR00000704&targetNm=PRODUCT,750,12,청주,C_037
경산대추약주 추,미송주가,http://thesool.com/common/imageView.do?targetId=PR00000703&targetNm=PRODUCT,375,16,청주,C_038
이상헌 약주,이가수불,http://thesool.com/common/imageView.do?targetId=PR00000679&targetNm=PRODUCT,500,18,청주,C_039
정고집 나주배 약주 15%,남도탁주,http://thesool.com/common/imageView.do?targetId=PR00000678&targetNm=PRODUCT,500,15,청주,C_040
정고집 나주배 약주 9%,남도탁주,http://thesool.com/common/imageView.do?targetId=PR00000677&targetNm=PRODUCT,500,9,청주,C_041
조선주조사,농업회사법인 우포의아침(주),http://thesool.com/common/imageView.do?targetId=PR00000676&targetNm=PRODUCT,300,14,청주,C_042
하얀연꽃 백련맑은 술,신평양조장,http://thesool.com/common/imageView.do?targetId=PR00000357&targetNm=PRODUCT,375,12,청주,C_043
천안연미주,입장주조㈜,http://thesool.com/common/imageView.do?targetId=PR00000354&targetNm=PRODUCT,375,13,청주,C_044
산막생대덕주,신탄진주조,http://thesool.com/common/imageView.do?targetId=PR00000353&targetNm=PRODUCT,750,13,청주,C_045
금산인삼주 12.5%,금산인삼주,http://thesool.com/common/imageView.do?targetId=PR00000351&targetNm=PRODUCT,360,12.5,청주,C_046
가야곡왕주,민속주왕주,http://thesool.com/common/imageView.do?targetId=PR00000350&targetNm=PRODUCT,750,13,청주,C_047
민들레대포,배상면주가,http://thesool.com/common/imageView.do?targetId=PR00000349&targetNm=PRODUCT,330,13,청주,C_048
만품 산삼가득,대농바이오우리산삼,http://thesool.com/common/imageView.do?targetId=PR00000348&targetNm=PRODUCT,350,13,청주,C_049
황진이주,농업회사법인(유)술소리,http://thesool.com/common/imageView.do?targetId=PR00000347&targetNm=PRODUCT,375,13,청주,C_050
대통주,추성고을,http://thesool.com/common/imageView.do?targetId=PR00000346&targetNm=PRODUCT,360,11,청주,C_051
해남진양주,해남진양주,http://thesool.com/common/imageView.do?targetId=PR00000345&targetNm=PRODUCT,375,16,청주,C_052
노미,내촌주조,http://thesool.com/common/imageView.do?targetId=PR00000344&targetNm=PRODUCT,700,18,청주,C_053
김포예주,김포양조,http://thesool.com/common/imageView.do?targetId=PR00000342&targetNm=PRODUCT,750,13,청주,C_054
자희향 국화주,자희자양,http://thesool.com/common/imageView.do?targetId=PR00000341&targetNm=PRODUCT,375,15,청주,C_055
보성 강하주,보성강하주,http://thesool.com/common/imageView.do?targetId=PR00000339&targetNm=PRODUCT,350,15,청주,C_056
한산소곡주,한산소곡주,http://thesool.com/common/imageView.do?targetId=PR00000338&targetNm=PRODUCT,700,18,청주,C_057
성읍민속마을 오메기술,술다끄는집,http://thesool.com/common/imageView.do?targetId=PR00000337&targetNm=PRODUCT,375,12,청주,C_058
하향주,하향주가,http://thesool.com/common/imageView.do?targetId=PR00000336&targetNm=PRODUCT,750,17,청주,C_059
솔송주,솔송주,http://thesool.com/common/imageView.do?targetId=PR00000335&targetNm=PRODUCT,375,13,청주,C_060
경주교동법주,교동법주,http://thesool.com/common/imageView.do?targetId=PR00000333&targetNm=PRODUCT,900,16,청주,C_061
청명주,중원당,http://thesool.com/common/imageView.do?targetId=PR00000332&targetNm=PRODUCT,500,17,청주,C_062
사임주,㈜사리원,http://thesool.com/common/imageView.do?targetId=PR00000331&targetNm=PRODUCT,500,16,청주,C_063
감사,술샘,http://thesool.com/common/imageView.do?targetId=PR00000330&targetNm=PRODUCT,375,14,청주,C_064
청양둔송구기주,청양둔송구기주,http://thesool.com/common/imageView.do?targetId=PR00000329&targetNm=PRODUCT,700,16,청주,C_065
오메기 맑은술,제주고소리술익는집,http://thesool.com/common/imageView.do?targetId=PR00000328&targetNm=PRODUCT,500,16,청주,C_066
동몽,예술주조,http://thesool.com/common/imageView.do?targetId=PR00000327&targetNm=PRODUCT,500,17,청주,C_067
감사블루,술샘,http://thesool.com/common/imageView.do?targetId=PR00000326&targetNm=PRODUCT,375,14,청주,C_068
백련 맑은술,신평양조장,http://thesool.com/common/imageView.do?targetId=PR00000325&targetNm=PRODUCT,375,12,청주,C_069
청명주 750,중원당,http://thesool.com/common/imageView.do?targetId=PR00000324&targetNm=PRODUCT,750,17,청주,C_070
니모메,제주샘주,http://thesool.com/common/imageView.do?targetId=PR00000323&targetNm=PRODUCT,375,11,청주,C_071
능이주,내국양조,http://thesool.com/common/imageView.do?targetId=PR00000322&targetNm=PRODUCT,375,13,청주,C_072
송이주,내국양조,http://thesool.com/common/imageView.do?targetId=PR00000321&targetNm=PRODUCT,375,13,청주,C_073
밤꽃향기,사곡양조장,http://thesool.com/common/imageView.do?targetId=PR00000320&targetNm=PRODUCT,375,13.5,청주,C_074
청진주,전통주연구개발원,http://thesool.com/common/imageView.do?targetId=PR00000319&targetNm=PRODUCT,375,16,청주,C_075
아황주,최행숙전통주가,http://thesool.com/common/imageView.do?targetId=PR00000318&targetNm=PRODUCT,500,17,청주,C_076
미인약주,최행숙전통주가,http://thesool.com/common/imageView.do?targetId=PR00000317&targetNm=PRODUCT,500,15,청주,C_077
삼양춘 생약주,삼양춘,http://thesool.com/common/imageView.do?targetId=PR00000316&targetNm=PRODUCT,500,15,청주,C_078
김포예주 프리미엄,김포양조,http://thesool.com/common/imageView.do?targetId=PR00000315&targetNm=PRODUCT,750,13,청주,C_079
김포약주,김포양조,http://thesool.com/common/imageView.do?targetId=PR00000314&targetNm=PRODUCT,750,11,청주,C_080
김포별주,김포양조,http://thesool.com/common/imageView.do?targetId=PR00000313&targetNm=PRODUCT,500,13,청주,C_081
석로주,석이원주조,http://thesool.com/common/imageView.do?targetId=PR00000312&targetNm=PRODUCT,720,13,청주,C_082
김포특주,김포금쌀탁주영농조합법인,http://thesool.com/common/imageView.do?targetId=PR00000310&targetNm=PRODUCT,375,15,청주,C_083
술아 매화주,술아원,http://thesool.com/common/imageView.do?targetId=PR00000309&targetNm=PRODUCT,375,15,청주,C_084
술아 연화주,술아원,http://thesool.com/common/imageView.do?targetId=PR00000308&targetNm=PRODUCT,375,15,청주,C_085
술아 국화주,술아원,http://thesool.com/common/imageView.do?targetId=PR00000307&targetNm=PRODUCT,375,15,청주,C_086
술아 순곡주,술아원,http://thesool.com/common/imageView.do?targetId=PR00000306&targetNm=PRODUCT,375,20,청주,C_087
사시통음주,국순당,http://thesool.com/common/imageView.do?targetId=PR00000305&targetNm=PRODUCT,550,18,청주,C_088
천비향 오양주 약주,좋은술,http://thesool.com/common/imageView.do?targetId=PR00000304&targetNm=PRODUCT,500,16,청주,C_089
경성과하주,술아원,http://thesool.com/common/imageView.do?targetId=PR00000302&targetNm=PRODUCT,375,20,청주,C_090
모월 연,모월,http://thesool.com/common/imageView.do?targetId=PR00000301&targetNm=PRODUCT,500,13,청주,C_091
양촌 우렁이쌀 청주,양촌양조,http://thesool.com/common/imageView.do?targetId=PR00000300&targetNm=PRODUCT,500,14,청주,C_092
복단지,술아원,http://thesool.com/common/imageView.do?targetId=PR00000299&targetNm=PRODUCT,350,14,청주,C_093
세종대왕어주 약주,장희도가,http://thesool.com/common/imageView.do?targetId=PR00000298&targetNm=PRODUCT,500,15,청주,C_094
원조소곡주,원조소곡주,http://thesool.com/common/imageView.do?targetId=PR00000297&targetNm=PRODUCT,720,16,청주,C_095
유기농이도 14,조은술 세종,http://thesool.com/common/imageView.do?targetId=PR00000296&targetNm=PRODUCT,750,14,청주,C_096
삼양춘 청주,삼양춘,http://thesool.com/common/imageView.do?targetId=PR00000295&targetNm=PRODUCT,500,15,청주,C_097
풍정사계 춘(春),풍정사계,http://thesool.com/common/imageView.do?targetId=PR00000294&targetNm=PRODUCT,500,15,청주,C_098
맑은바당,술도가 제주바당,http://thesool.com/common/imageView.do?targetId=PR00000293&targetNm=PRODUCT,375,15,청주,C_099
오메기술,제주샘주,http://thesool.com/common/imageView.do?targetId=PR00000292&targetNm=PRODUCT,375,13,청주,C_100
동짓달 기나긴 밤,예술주조,http://thesool.com/common/imageView.do?targetId=PR00000291&targetNm=PRODUCT,500,16,청주,C_101
복순도가 약주,복순도가,http://thesool.com/common/imageView.do?targetId=PR00000290&targetNm=PRODUCT,750,10,청주,C_102
지란지교,(유)친구들의 술 지란지교,http://thesool.com/common/imageView.do?targetId=PR00000289&targetNm=PRODUCT,500,17,청주,C_103
순향주,추연당,http://thesool.com/common/imageView.do?targetId=PR00000288&targetNm=PRODUCT,375,15,청주,C_104
라이스퐁당,벗드림양조장,http://thesool.com/common/imageView.do?targetId=PR00000287&targetNm=PRODUCT,500,13,청주,C_105
심술 7,배상면주가,http://thesool.com/common/imageView.do?targetId=PR00000286&targetNm=PRODUCT,330,7,청주,C_106
심술 10,배상면주가,http://thesool.com/common/imageView.do?targetId=PR00000285&targetNm=PRODUCT,330,10,청주,C_107
지리산 강쇠,농업회사법인(유)술소리,http://thesool.com/common/imageView.do?targetId=PR00000284&targetNm=PRODUCT,375,13,청주,C_108
여민락주,여주육묘영농조합법인,http://thesool.com/common/imageView.do?targetId=PR00000283&targetNm=PRODUCT,500,16,청주,C_109
그리움,술샘,http://thesool.com/common/imageView.do?targetId=PR00000282&targetNm=PRODUCT,700,14,청주,C_110
감자술 13%,오대서주양조,http://thesool.com/common/imageView.do?targetId=PR00000281&targetNm=PRODUCT,700,13,청주,C_111
구기홍주 14,두이술공방,http://thesool.com/common/imageView.do?targetId=PR00000280&targetNm=PRODUCT,360,14,청주,C_112
기다림 맑은술,제이케이크래프트,http://thesool.com/common/imageView.do?targetId=PR00000279&targetNm=PRODUCT,500,15,청주,C_113
녹파주,솔송주(명가원),http://thesool.com/common/imageView.do?targetId=PR00000278&targetNm=PRODUCT,375,15,청주,C_114
대윤 가야곡 왕주,대윤가야곡주조,http://thesool.com/common/imageView.do?targetId=PR00000277&targetNm=PRODUCT,300,13,청주,C_115
대통대잎술,추성고을,http://thesool.com/common/imageView.do?targetId=PR00000276&targetNm=PRODUCT,700,15,청주,C_116
동학 1957,고헌정영농조합법인,http://thesool.com/common/imageView.do?targetId=PR00000275&targetNm=PRODUCT,375,13,청주,C_117
마주 소곡주,옥순가 소곡주 마주,http://thesool.com/common/imageView.do?targetId=PR00000274&targetNm=PRODUCT,500,16,청주,C_118
맑은 문희주,문경주조,http://thesool.com/common/imageView.do?targetId=PR00000273&targetNm=PRODUCT,750,13,청주,C_119
맑은내일 우포,우포의아침,http://thesool.com/common/imageView.do?targetId=PR00000272&targetNm=PRODUCT,325,12,청주,C_120
맑은술 해밀,내변산양조장,http://thesool.com/common/imageView.do?targetId=PR00000271&targetNm=PRODUCT,500,15,청주,C_121
매실향기 담은 술,명세주가,http://thesool.com/common/imageView.do?targetId=PR00000270&targetNm=PRODUCT,500,14,청주,C_122
면천두견주 360,면천두견주,http://thesool.com/common/imageView.do?targetId=PR00000269&targetNm=PRODUCT,360,18,청주,C_123
면천두견주 700,면천두견주,http://thesool.com/common/imageView.do?targetId=PR00000268&targetNm=PRODUCT,700,18,청주,C_124
명인 홍삼주,금산인삼주,http://thesool.com/common/imageView.do?targetId=PR00000266&targetNm=PRODUCT,375,12.5,청주,C_125
별바랑,금계당,http://thesool.com/common/imageView.do?targetId=PR00000264&targetNm=PRODUCT,375,17.5,청주,C_127
방문주 약주,케이소주,http://thesool.com/common/imageView.do?targetId=PR00000263&targetNm=PRODUCT,500,15,청주,C_128
모을동주 약주,대작영농조합법인,http://thesool.com/common/imageView.do?targetId=PR00000262&targetNm=PRODUCT,375,13,청주,C_129
모든날에,양지술곳간,http://thesool.com/common/imageView.do?targetId=PR00000261&targetNm=PRODUCT,500,15,청주,C_130
서주 16%,오대서주양조,http://thesool.com/common/imageView.do?targetId=PR00000260&targetNm=PRODUCT,400,16,청주,C_131
석탄주 약주,케이소주(전주가양주연구소),http://thesool.com/common/imageView.do?targetId=PR00000259&targetNm=PRODUCT,500,15,청주,C_132
설련주,영농조합법인 석전상온전통주가,http://thesool.com/common/imageView.do?targetId=PR00000258&targetNm=PRODUCT,750,16,청주,C_133
세종 오가닉,조은술 세종,http://thesool.com/common/imageView.do?targetId=PR00000257&targetNm=PRODUCT,375,13,청주,C_134
신선주,용두산조은술,http://thesool.com/common/imageView.do?targetId=PR00000255&targetNm=PRODUCT,750,16,청주,C_135
애석,농업회사법인 (주)두루,http://thesool.com/common/imageView.do?targetId=PR00000254&targetNm=PRODUCT,500,15,청주,C_136
연천 연주,농업회사법인 연천양조(주),http://thesool.com/common/imageView.do?targetId=PR00000253&targetNm=PRODUCT,500,12,청주,C_137
예담은 한산소곡주,한산예담은소곡주,http://thesool.com/common/imageView.do?targetId=PR00000252&targetNm=PRODUCT,750,16,청주,C_138
예화,농업회사법인 대윤가야곡주조(주),http://thesool.com/common/imageView.do?targetId=PR00000251&targetNm=PRODUCT,750,13,청주,C_139
레인보우,도란원,http://thesool.com/common/imageView.do?targetId=PR00001059&targetNm=PRODUCT,375,12,과실주,F_001
복숭아와인,솔티마을,http://thesool.com/common/imageView.do?targetId=PR00001058&targetNm=PRODUCT,500,12,과실주,F_002
애플린,반딧불사과와인,http://thesool.com/common/imageView.do?targetId=PR00001052&targetNm=PRODUCT,750,12,과실주,F_003
딸기 스파클링와인,해미읍성딸기와인,http://thesool.com/common/imageView.do?targetId=PR00001049&targetNm=PRODUCT,750,12,과실주,F_004
애플블랑,예산사과와인,http://thesool.com/common/imageView.do?targetId=PR00001046&targetNm=PRODUCT,750,12,과실주,F_005
홍시,배상면주가,http://thesool.com/common/imageView.do?targetId=PR00001043&targetNm=PRODUCT,700,12,과실주,F_006
레돔 레드와인,작은알자스,http://thesool.com/common/imageView.do?targetId=PR00001031&targetNm=PRODUCT,750,12,과실주,F_007
산머루주,농업회사법인 유한회사 덕유,http://thesool.com/common/imageView.do?targetId=PR00001026&targetNm=PRODUCT,360,16,과실주,F_008
부안 참뽕주,내변산,http://thesool.com/common/imageView.do?targetId=PR00001021&targetNm=PRODUCT,375,13,과실주,F_009
허니문배,농업회사법인 주식회사 비전레드,http://thesool.com/common/imageView.do?targetId=PR00001016&targetNm=PRODUCT,750,4.9,과실주,F_010
프렌치 린넨,농업회사법인 주식회사 비전레드,http://thesool.com/common/imageView.do?targetId=PR00001014&targetNm=PRODUCT,750,4.7,과실주,F_011
고창 복분자주 특4호,고창명산품복분자주,http://thesool.com/common/imageView.do?targetId=PR00001010&targetNm=PRODUCT,500,18,과실주,F_012
2016년산 하미앙 스위트,하미앙 와인밸리,http://thesool.com/common/imageView.do?targetId=PR00000988&targetNm=PRODUCT,375,10.5,과실주,F_013
2016년산 하미앙 드라이,하미앙 와인밸리,http://thesool.com/common/imageView.do?targetId=PR00000987&targetNm=PRODUCT,375,12,과실주,F_014
2018년산 하미앙 오크와인,하미앙 와인밸리,http://thesool.com/common/imageView.do?targetId=PR00000986&targetNm=PRODUCT,750,12,과실주,F_015
너브내 스파클링 화이트,샤또나드리,http://thesool.com/common/imageView.do?targetId=PR00000982&targetNm=PRODUCT,750,12,과실주,F_016
너브내 로제 스파클링,샤또나드리,http://thesool.com/common/imageView.do?targetId=PR00000981&targetNm=PRODUCT,750,12,과실주,F_017
"산막와이너리, 라라",산막와이너리,http://thesool.com/common/imageView.do?targetId=PR00000979&targetNm=PRODUCT,750,12,과실주,F_018
"산막와이너리, 화몽",산막와이너리,http://thesool.com/common/imageView.do?targetId=PR00000978&targetNm=PRODUCT,750,13,과실주,F_019
"산막와이너리, 비원",산막와이너리,http://thesool.com/common/imageView.do?targetId=PR00000977&targetNm=PRODUCT,750,13,과실주,F_020
"산막와이너리, 비원퓨어",산막와이너리,http://thesool.com/common/imageView.do?targetId=PR00000976&targetNm=PRODUCT,750,13,과실주,F_021
"산막와이너리, 아로퓨어",산막와이너리,http://thesool.com/common/imageView.do?targetId=PR00000975&targetNm=PRODUCT,750,13,과실주,F_022
"산막와이너리, 미",산막와이너리,http://thesool.com/common/imageView.do?targetId=PR00000974&targetNm=PRODUCT,750,13,과실주,F_023
붉은진주 머루와인 드라이,농업회사법인 ㈜ 붉은진주,http://thesool.com/common/imageView.do?targetId=PR00000973&targetNm=PRODUCT,750,12,과실주,F_024
붉은진주 머루와인 스위트,농업회사법인 ㈜ 붉은진주,http://thesool.com/common/imageView.do?targetId=PR00000972&targetNm=PRODUCT,750,12,과실주,F_025
뱅꼬레 더감,한국와인,http://thesool.com/common/imageView.do?targetId=PR00000967&targetNm=PRODUCT,750,12,과실주,F_026
크라테 화이트스위트,수도산와이너리,http://thesool.com/common/imageView.do?targetId=PR00000956&targetNm=PRODUCT,375,11.5,과실주,F_027
크라테 미디엄드라이,수도산와이너리,http://thesool.com/common/imageView.do?targetId=PR00000955&targetNm=PRODUCT,750,11.5,과실주,F_028
고도리 아이스 와인 망고와인,고도리 와이너리,http://thesool.com/common/imageView.do?targetId=PR00000946&targetNm=PRODUCT,375,12,과실주,F_029
문앞에봄,댄싱사이더컴퍼니,http://thesool.com/common/imageView.do?targetId=PR00000928&targetNm=PRODUCT,750,4.5,과실주,F_030
명가원 산머루주,농업회사법인㈜솔송주,http://thesool.com/common/imageView.do?targetId=PR00000917&targetNm=PRODUCT,750,16,과실주,F_031
시,내국양조,http://thesool.com/common/imageView.do?targetId=PR00000899&targetNm=PRODUCT,375,13,과실주,F_032
김천대학교 자두사랑 자두와인,김천대학교 자두사랑,http://thesool.com/common/imageView.do?targetId=PR00000890&targetNm=PRODUCT,750,12,과실주,F_033
오롯이 복숭아,농업회사법인 솔티마을,http://thesool.com/common/imageView.do?targetId=PR00000888&targetNm=PRODUCT,375,9,과실주,F_034
로제사이더 오미한잔,가나다라브루어리,http://thesool.com/common/imageView.do?targetId=PR00000886&targetNm=PRODUCT,500,4.5,과실주,F_035
PS 애플시드르,시나브로 와이너리,http://thesool.com/common/imageView.do?targetId=PR00000885&targetNm=PRODUCT,750,5,과실주,F_036
붉은진주머루와인,붉은진주,http://thesool.com/common/imageView.do?targetId=PR00000860&targetNm=PRODUCT,750,12,과실주,F_037
너브내스파클링사과와인,너브내와이너리,http://thesool.com/common/imageView.do?targetId=PR00000848&targetNm=PRODUCT,375,8.5,과실주,F_038
크라테 자두와인,수도산와이너리,http://thesool.com/common/imageView.do?targetId=PR00000841&targetNm=PRODUCT,375,8.5,과실주,F_039
"산막와이너리, 초련",산막 와이너리,http://thesool.com/common/imageView.do?targetId=PR00000818&targetNm=PRODUCT,500,20,과실주,F_040
인사이더 블루베리,가나다라브루어리,http://thesool.com/common/imageView.do?targetId=PR00000816&targetNm=PRODUCT,330,3,과실주,F_041
위 (we)레드 (2018)와인,위 와이너리,http://thesool.com/common/imageView.do?targetId=PR00000815&targetNm=PRODUCT,750,12,과실주,F_042
꽃 와인,264청포도 와이너리,http://thesool.com/common/imageView.do?targetId=PR00000814&targetNm=PRODUCT,375,11.5,과실주,F_043
오계리 아이스와인,오계리 와이너리,http://thesool.com/common/imageView.do?targetId=PR00000813&targetNm=PRODUCT,375,14,과실주,F_044
에델 스위트와인,에델농원,http://thesool.com/common/imageView.do?targetId=PR00000811&targetNm=PRODUCT,375,13,과실주,F_045
에델 미디움 스위트와인,에델농원,http://thesool.com/common/imageView.do?targetId=PR00000810&targetNm=PRODUCT,375,13,과실주,F_046
맑은내일 Winery 단감명작,농업회사법인 우포의아침 주식회사,http://thesool.com/common/imageView.do?targetId=PR00000806&targetNm=PRODUCT,750,7,과실주,F_047
고도리 샤인머스캣 화이트와인,고도리 와이너리,http://thesool.com/common/imageView.do?targetId=PR00000802&targetNm=PRODUCT,375,10.5,과실주,F_048
소백산(샤토소백) 스위트 레드와인,산내들 와이너리,http://thesool.com/common/imageView.do?targetId=PR00000801&targetNm=PRODUCT,750,12,과실주,F_049
미르아토 로제와인,금용농산,http://thesool.com/common/imageView.do?targetId=PR00000781&targetNm=PRODUCT,750,12,과실주,F_050
고도리 로제와인,고도리 와이너리,http://thesool.com/common/imageView.do?targetId=PR00000778&targetNm=PRODUCT,375,12,과실주,F_051
끌로너와 스위트와인,너와마을영동조합,http://thesool.com/common/imageView.do?targetId=PR00000777&targetNm=PRODUCT,750,12,과실주,F_052
포엠 화이트와인,갈기산농업회사,http://thesool.com/common/imageView.do?targetId=PR00000776&targetNm=PRODUCT,750,12,과실주,F_053
포엠 로제와인,갈기산농업회사,http://thesool.com/common/imageView.do?targetId=PR00000775&targetNm=PRODUCT,750,12,과실주,F_054
신애유자,댄싱사이더 컴퍼니,http://thesool.com/common/imageView.do?targetId=PR00000774&targetNm=PRODUCT,330,5,과실주,F_055
멜론서리,댄싱사이더 컴퍼니,http://thesool.com/common/imageView.do?targetId=PR00000773&targetNm=PRODUCT,330,5,과실주,F_056
시나브로 에뚜왈 화이트 스파클링와인,불휘농장,http://thesool.com/common/imageView.do?targetId=PR00000772&targetNm=PRODUCT,750,5,과실주,F_057
소계리 595 스위트 레드와인,소계리 와이너리,http://thesool.com/common/imageView.do?targetId=PR00000771&targetNm=PRODUCT,750,12,과실주,F_058
세인트하우스 살구와인,해미읍성딸기와인,http://thesool.com/common/imageView.do?targetId=PR00000770&targetNm=PRODUCT,500,12,과실주,F_059
세인트하우스 모과와인,해미읍성딸기와인,http://thesool.com/common/imageView.do?targetId=PR00000769&targetNm=PRODUCT,500,12,과실주,F_060
샤토미소 웨딩 자두와인,도란원,http://thesool.com/common/imageView.do?targetId=PR00000768&targetNm=PRODUCT,375,12,과실주,F_061
샤토미소 아이스와인,도란원,http://thesool.com/common/imageView.do?targetId=PR00000767&targetNm=PRODUCT,375,12,과실주,F_062
베베마루 설레임 로제 스위트와인,월류원 오드린,http://thesool.com/common/imageView.do?targetId=PR00000766&targetNm=PRODUCT,375,12,과실주,F_063
베리와인1168 스위트와인,블루컴퍼니,http://thesool.com/common/imageView.do?targetId=PR00000765&targetNm=PRODUCT,500,13,과실주,F_064
달 1614 스위트와인,농업회사 덕유,http://thesool.com/common/imageView.do?targetId=PR00000764&targetNm=PRODUCT,750,12,과실주,F_065
루드베리,댄싱사이더 컴퍼니,http://thesool.com/common/imageView.do?targetId=PR00000736&targetNm=PRODUCT,750,4.5,과실주,F_066
오크와인,하미앙 와인밸리,http://thesool.com/common/imageView.do?targetId=PR00000702&targetNm=PRODUCT,750,12,과실주,F_067
산머루와인 달콤한 스위트,하미앙 와인밸리,http://thesool.com/common/imageView.do?targetId=PR00000701&targetNm=PRODUCT,750,10.5,과실주,F_068
산머루와인 깊은맛 드라이,하미앙 와인밸리,http://thesool.com/common/imageView.do?targetId=PR00000700&targetNm=PRODUCT,750,12,과실주,F_069
"코이버펑크, 샤르도네 세미용 2018",코이버펑크,http://thesool.com/common/imageView.do?targetId=PR00000696&targetNm=PRODUCT,750,11.5,과실주,F_070
"코이버펑크, 머스캣 베일리 에이 2017",코이버펑크,http://thesool.com/common/imageView.do?targetId=PR00000695&targetNm=PRODUCT,750,12.5,과실주,F_071
"코이버펑크, 카베르네 소비뇽 2019",코이버펑크,http://thesool.com/common/imageView.do?targetId=PR00000694&targetNm=PRODUCT,750,12.5,과실주,F_072
당당하리,농업회사법인(주)세찬,http://thesool.com/common/imageView.do?targetId=PR00000693&targetNm=PRODUCT,375,15,과실주,F_073
장수 오미자주,알에프,http://thesool.com/common/imageView.do?targetId=PR00000683&targetNm=PRODUCT,360,16.5,과실주,F_074
젤코바 스페셜와인,젤코바와이너리,http://thesool.com/common/imageView.do?targetId=PR00000682&targetNm=PRODUCT,375,11.5,과실주,F_075
젤코바 캠벨와인,젤코바와이너리,http://thesool.com/common/imageView.do?targetId=PR00000681&targetNm=PRODUCT,750,13.5,과실주,F_076
젤코바 프리미엄 와인,젤코바와이너리,http://thesool.com/common/imageView.do?targetId=PR00000680&targetNm=PRODUCT,500,12,과실주,F_077
명작복분자,국순당고창명주(주0,http://thesool.com/common/imageView.do?targetId=PR00000470&targetNm=PRODUCT,375,13,과실주,F_078
머루이야기,산들벗(주),http://thesool.com/common/imageView.do?targetId=PR00000469&targetNm=PRODUCT,350,12,과실주,F_079
샤토미소 로제스위트와인,도란원,http://thesool.com/common/imageView.do?targetId=PR00000467&targetNm=PRODUCT,375,12,과실주,F_080
레드듀 RED DEW,동강산머루영농조합법인,http://thesool.com/common/imageView.do?targetId=PR00000466&targetNm=PRODUCT,750,13,과실주,F_081
너와머루와인,산머루농원영농조합법인,http://thesool.com/common/imageView.do?targetId=PR00000465&targetNm=PRODUCT,500,12,과실주,F_082
자두와인,자두사랑,http://thesool.com/common/imageView.do?targetId=PR00000463&targetNm=PRODUCT,750,12,과실주,F_083
그랑꼬또 레드와인,그린영농조합,http://thesool.com/common/imageView.do?targetId=PR00000462&targetNm=PRODUCT,750,12,과실주,F_084
오미로제 스파클링 와인,문경주조,http://thesool.com/common/imageView.do?targetId=PR00000461&targetNm=PRODUCT,750,12,과실주,F_085
프리미엄 애플와인 한스오차드,㈜한국애플리즈,http://thesool.com/common/imageView.do?targetId=PR00000460&targetNm=PRODUCT,750,11,과실주,F_086
그랑꼬또 청수,그린영농조합,http://thesool.com/common/imageView.do?targetId=PR00000459&targetNm=PRODUCT,750,12,과실주,F_087
그랑꼬또 로제와인,그린영농조합,http://thesool.com/common/imageView.do?targetId=PR00000458&targetNm=PRODUCT,750,12,과실주,F_088
그랑꼬또 M56,그린영농조합,http://thesool.com/common/imageView.do?targetId=PR00000457&targetNm=PRODUCT,750,12,과실주,F_089
천매,더한주류,http://thesool.com/common/imageView.do?targetId=PR00000455&targetNm=PRODUCT,600,30,과실주,F_090
무주구천동머루와인,덕유양조,http://thesool.com/common/imageView.do?targetId=PR00000454&targetNm=PRODUCT,750,12,과실주,F_091
무주구천동산머루주,산머루농원,http://thesool.com/common/imageView.do?targetId=PR00000453&targetNm=PRODUCT,750,16,과실주,F_092
부안참뽕와인,동진주조,http://thesool.com/common/imageView.do?targetId=PR00000452&targetNm=PRODUCT,750,13,과실주,F_093
두레앙와인,(주)두레양조,http://thesool.com/common/imageView.do?targetId=PR00000451&targetNm=PRODUCT,750,12,과실주,F_094
뱅꼬레 레드와인,한국와인,http://thesool.com/common/imageView.do?targetId=PR00000450&targetNm=PRODUCT,375,12,과실주,F_095
뱅꼬레 로제와인,한국와인,http://thesool.com/common/imageView.do?targetId=PR00000449&targetNm=PRODUCT,375,11.5,과실주,F_096
뱅꼬레 아이스와인,한국와인,http://thesool.com/common/imageView.do?targetId=PR00000448&targetNm=PRODUCT,375,12,과실주,F_097
고도리 복숭아와인,고도리 와이너리,http://thesool.com/common/imageView.do?targetId=PR00000447&targetNm=PRODUCT,750,6.5,과실주,F_098
고도리 화이트와인 드라이,고도리 와이너리,http://thesool.com/common/imageView.do?targetId=PR00000446&targetNm=PRODUCT,750,10.5,과실주,F_099
고도리 레드와인 스위트,고도리 와이너리,http://thesool.com/common/imageView.do?targetId=PR00000445&targetNm=PRODUCT,750,12,과실주,F_100
고도리 청수 와인,고도리 와이너리,http://thesool.com/common/imageView.do?targetId=PR00000444&targetNm=PRODUCT,750,10.5,과실주,F_101
감악산 산머루주,산머루농원,http://thesool.com/common/imageView.do?targetId=PR00000443&targetNm=PRODUCT,360,12,과실주,F_102
빙탄복,배상면주가,http://thesool.com/common/imageView.do?targetId=PR00000442&targetNm=PRODUCT,370,7,과실주,F_103
복분자음,배상면주가,http://thesool.com/common/imageView.do?targetId=PR00000441&targetNm=PRODUCT,375,12,과실주,F_104
레드 와인 500,고도리 와이너리,http://thesool.com/common/imageView.do?targetId=PR00000440&targetNm=PRODUCT,500,12,과실주,F_105
추사 로제,예산사과와인,http://thesool.com/common/imageView.do?targetId=PR00000436&targetNm=PRODUCT,375,12,과실주,F_106
한스오차드 사과와인,㈜한국애플리즈,http://thesool.com/common/imageView.do?targetId=PR00000435&targetNm=PRODUCT,750,11,과실주,F_107
애피소드 애플,㈜한국애플리즈,http://thesool.com/common/imageView.do?targetId=PR00000434&targetNm=PRODUCT,500,3.5,과실주,F_108
애피소드 상그리아,㈜한국애플리즈,http://thesool.com/common/imageView.do?targetId=PR00000433&targetNm=PRODUCT,500,3.5,과실주,F_109
스타베리오디,한국와인,http://thesool.com/common/imageView.do?targetId=PR00000432&targetNm=PRODUCT,500,12,과실주,F_110
고도리 화이트와인 스위트,고도리 와이너리,http://thesool.com/common/imageView.do?targetId=PR00000431&targetNm=PRODUCT,750,10.5,과실주,F_111
고창선운산 땡큐복분자주,고창선운산,http://thesool.com/common/imageView.do?targetId=PR00000430&targetNm=PRODUCT,300,13,과실주,F_112
고창선운산 복분자주 특1호,고창선운산,http://thesool.com/common/imageView.do?targetId=PR00000429&targetNm=PRODUCT,1800,15,과실주,F_113
쿨샷 7.5,고창선운산,http://thesool.com/common/imageView.do?targetId=PR00000428&targetNm=PRODUCT,300,7.5,과실주,F_114
고창선운산 땡큐블루베리주,고창선운산,http://thesool.com/common/imageView.do?targetId=PR00000427&targetNm=PRODUCT,300,13,과실주,F_115
감그린 레귤러,청도감와인,http://thesool.com/common/imageView.do?targetId=PR00000426&targetNm=PRODUCT,750,12,과실주,F_116
감그린 스페셜,청도감와인,http://thesool.com/common/imageView.do?targetId=PR00000425&targetNm=PRODUCT,750,12,과실주,F_117
감그린 아이스와인,청도감와인,http://thesool.com/common/imageView.do?targetId=PR00000424&targetNm=PRODUCT,375,10,과실주,F_118
공주애 오디와인,사곡양조원,http://thesool.com/common/imageView.do?targetId=PR00000423&targetNm=PRODUCT,375,15,과실주,F_119
추사 애플와인,예산사과와인,http://thesool.com/common/imageView.do?targetId=PR00000422&targetNm=PRODUCT,375,12,과실주,F_120
추사 블루베리 와인,예산사과와인,http://thesool.com/common/imageView.do?targetId=PR00000421&targetNm=PRODUCT,375,11,과실주,F_121
샤토미소 레드 스위트,도란원,http://thesool.com/common/imageView.do?targetId=PR00000420&targetNm=PRODUCT,750,12,과실주,F_122
샤토미소 레드 드라이,도란원,http://thesool.com/common/imageView.do?targetId=PR00000419&targetNm=PRODUCT,750,13,과실주,F_123
여포의 꿈 (화이트),여포와인농장,http://thesool.com/common/imageView.do?targetId=PR00000418&targetNm=PRODUCT,750,12,과실주,F_124
초선의 꿈,여포와인농장,http://thesool.com/common/imageView.do?targetId=PR00000417&targetNm=PRODUCT,375,12,과실주,F_125
샤토미소 랑,도란원,http://thesool.com/common/imageView.do?targetId=PR00000416&targetNm=PRODUCT,375,12,과실주,F_126
스파클링와인 오미로제 결,오미나라,http://thesool.com/common/imageView.do?targetId=PR00000415&targetNm=PRODUCT,750,12,과실주,F_127
혼디주,㈜시트러스,http://thesool.com/common/imageView.do?targetId=PR00000414&targetNm=PRODUCT,330,12,과실주,F_128
심술 알쓰,배상면주가,http://thesool.com/common/imageView.do?targetId=PR00000412&targetNm=PRODUCT,180,3.8,과실주,F_129
산머루 크라테 스위트,수도산와이너리,http://thesool.com/common/imageView.do?targetId=PR00000411&targetNm=PRODUCT,750,11.5,과실주,F_130
로제와인,갈기산포도농원,http://thesool.com/common/imageView.do?targetId=PR00000410&targetNm=PRODUCT,550,12,과실주,F_131
요새로제,댄싱사이더컴퍼니,http://thesool.com/common/imageView.do?targetId=PR00000409&targetNm=PRODUCT,750,6.4,과실주,F_132
산머루 크라테 드라이,수도산와이너리,http://thesool.com/common/imageView.do?targetId=PR00000408&targetNm=PRODUCT,750,11.5,과실주,F_133
산머루 크라테 로제,수도산와이너리,http://thesool.com/common/imageView.do?targetId=PR00000407&targetNm=PRODUCT,375,11.5,과실주,F_134
시나브로 청수 화이트,불휘농장,http://thesool.com/common/imageView.do?targetId=PR00000406&targetNm=PRODUCT,750,12,과실주,F_135
시나브로 레드 드라이,불휘농장,http://thesool.com/common/imageView.do?targetId=PR00000405&targetNm=PRODUCT,750,12,과실주,F_136
오미로제 연,오미나라,http://thesool.com/common/imageView.do?targetId=PR00000403&targetNm=PRODUCT,750,8,과실주,F_137
오드린 베베마루 아내를 위한,월류원,http://thesool.com/common/imageView.do?targetId=PR00000402&targetNm=PRODUCT,375,10,과실주,F_138
레돔 시드르,작은알자스,http://thesool.com/common/imageView.do?targetId=PR00000401&targetNm=PRODUCT,750,6,과실주,F_139
그랑티그르 CE2002,월류원,http://thesool.com/common/imageView.do?targetId=PR00000400&targetNm=PRODUCT,750,12,과실주,F_140
그랑티그르 M1988,월류원,http://thesool.com/common/imageView.do?targetId=PR00000399&targetNm=PRODUCT,750,12,과실주,F_141
남산애 레드와인,예인화원,http://thesool.com/common/imageView.do?targetId=PR00000398&targetNm=PRODUCT,750,14,과실주,F_142
남산애 포트와인,예인화원,http://thesool.com/common/imageView.do?targetId=PR00000397&targetNm=PRODUCT,750,18.5,과실주,F_143
내장산 복분자주 지통1호,내장산 복분자 영농조합,http://thesool.com/common/imageView.do?targetId=PR00000396&targetNm=PRODUCT,700,16,과실주,F_144
다래와인 3004,오름주가,http://thesool.com/common/imageView.do?targetId=PR00000395&targetNm=PRODUCT,375,8,과실주,F_145
다래와인 7004D,오름주가,http://thesool.com/common/imageView.do?targetId=PR00000394&targetNm=PRODUCT,750,12,과실주,F_146
다래와인 7004S,오름주가,http://thesool.com/common/imageView.do?targetId=PR00000393&targetNm=PRODUCT,750,8,과실주,F_147
대관령 복분자주,홍지원,http://thesool.com/common/imageView.do?targetId=PR00000392&targetNm=PRODUCT,400,16,과실주,F_148
도로시 머루주,산머루농원영농조합법인,http://thesool.com/common/imageView.do?targetId=PR00000391&targetNm=PRODUCT,500,12,과실주,F_149
레돔 내추럴 스파클링 로제와인,작은알자스,http://thesool.com/common/imageView.do?targetId=PR00000390&targetNm=PRODUCT,750,7.5,과실주,F_150
베베마루 캠벨로제 스위트,월류원,http://thesool.com/common/imageView.do?targetId=PR00000386&targetNm=PRODUCT,375,10,과실주,F_151
베베마루 캠밸로제,월류원,http://thesool.com/common/imageView.do?targetId=PR00000385&targetNm=PRODUCT,375,12,과실주,F_152
미소 아이스,도란원,http://thesool.com/common/imageView.do?targetId=PR00000384&targetNm=PRODUCT,375,12,과실주,F_153
헤베,한국애플리즈,http://thesool.com/common/imageView.do?targetId=PR00000383&targetNm=PRODUCT,330,9,과실주,F_154
뱅꼬레 화이트와인,한국와인,http://thesool.com/common/imageView.do?targetId=PR00000382&targetNm=PRODUCT,375,11,과실주,F_155
명가원 복분자술,솔송주,http://thesool.com/common/imageView.do?targetId=PR00000381&targetNm=PRODUCT,750,16,과실주,F_156
복분자주 360,내장산 복분자 영농조합,http://thesool.com/common/imageView.do?targetId=PR00000380&targetNm=PRODUCT,360,16,과실주,F_157
복숭아와인,금이산농원,http://thesool.com/common/imageView.do?targetId=PR00000379&targetNm=PRODUCT,500,12,과실주,F_158
블루베리 이야기,농업회사법인산들벗(주),http://thesool.com/common/imageView.do?targetId=PR00000378&targetNm=PRODUCT,375,12,과실주,F_159
사과와인,금이산농원,http://thesool.com/common/imageView.do?targetId=PR00000377&targetNm=PRODUCT,500,12,과실주,F_160
샹스프랑보아즈,(주)선운산복분자주 흥진,http://thesool.com/common/imageView.do?targetId=PR00000376&targetNm=PRODUCT,500,13,과실주,F_161
선운산 복분자와인,(주)선운산복분자주 흥진,http://thesool.com/common/imageView.do?targetId=PR00000375&targetNm=PRODUCT,300,13,과실주,F_162
선운산 복분자주,(주)선운산복분자주 흥진,http://thesool.com/common/imageView.do?targetId=PR00000374&targetNm=PRODUCT,375,16,과실주,F_163
선운산 복분자주 프리미엄,(주)선운산복분자주 흥진,http://thesool.com/common/imageView.do?targetId=PR00000373&targetNm=PRODUCT,700,19,과실주,F_164
시나브로 드 글로리아,불휘농장,http://thesool.com/common/imageView.do?targetId=PR00000372&targetNm=PRODUCT,750,12,과실주,F_165
시나브로 레드 스위트,불휘농장,http://thesool.com/common/imageView.do?targetId=PR00000371&targetNm=PRODUCT,750,12,과실주,F_166
시나브로 로제와인,불휘농장,http://thesool.com/common/imageView.do?targetId=PR00000370&targetNm=PRODUCT,500,10,과실주,F_167
시나브로 에뚜왈 로제 스파클링,불휘농장,http://thesool.com/common/imageView.do?targetId=PR00000369&targetNm=PRODUCT,750,5,과실주,F_168
여포의 꿈 레드(Dry),여포와인농장,http://thesool.com/common/imageView.do?targetId=PR00000368&targetNm=PRODUCT,750,12,과실주,F_169
홍시와인,젤코바와이너리,http://thesool.com/common/imageView.do?targetId=PR00000367&targetNm=PRODUCT,375,10.5,과실주,F_170
여포의 꿈 레드(SWEET),여포와인농장,http://thesool.com/common/imageView.do?targetId=PR00000366&targetNm=PRODUCT,750,12,과실주,F_171
예밀와인 레드 드라이,예밀2리영농조합법인,http://thesool.com/common/imageView.do?targetId=PR00000365&targetNm=PRODUCT,750,13,과실주,F_172
예밀와인 레드 스위트,예밀2리영농조합법인,http://thesool.com/common/imageView.do?targetId=PR00000364&targetNm=PRODUCT,750,12,과실주,F_173
예밀와인 로제,예밀2리영농조합법인,http://thesool.com/common/imageView.do?targetId=PR00000363&targetNm=PRODUCT,750,12,과실주,F_174
예주,용두산조은술,http://thesool.com/common/imageView.do?targetId=PR00000362&targetNm=PRODUCT,750,15,과실주,F_175
오가피와인,영농조합법인 금이산농원,http://thesool.com/common/imageView.do?targetId=PR00000361&targetNm=PRODUCT,500,12,과실주,F_176
오디랑,국순당 고창명주,http://thesool.com/common/imageView.do?targetId=PR00000360&targetNm=PRODUCT,330,13,과실주,F_177
오미로제 프리미어와인,오미나라,http://thesool.com/common/imageView.do?targetId=PR00000359&targetNm=PRODUCT,750,12,과실주,F_178
오미시앙 스페셜,알에프,http://thesool.com/common/imageView.do?targetId=PR00000358&targetNm=PRODUCT,500,12,과실주,F_179
제주 감귤주,시트러스,http://thesool.com/common/imageView.do?targetId=PR00001055&targetNm=PRODUCT,750,50,증류주,S_001
도원결의,영덕주조,http://thesool.com/common/imageView.do?targetId=PR00001051&targetNm=PRODUCT,360,40,증류주,S_002
M24,용소주,http://thesool.com/common/imageView.do?targetId=PR00001050&targetNm=PRODUCT,375,24,증류주,S_003
주향아라,담을술공방,http://thesool.com/common/imageView.do?targetId=PR00001044&targetNm=PRODUCT,375,55,증류주,S_004
운암 32오크,맑은내일,http://thesool.com/common/imageView.do?targetId=PR00001039&targetNm=PRODUCT,375,32,증류주,S_005
퍼플 진,술샘,http://thesool.com/common/imageView.do?targetId=PR00001034&targetNm=PRODUCT,500,36.5,증류주,S_006
려 고구마 소주,국순당여주명주,http://thesool.com/common/imageView.do?targetId=PR00001033&targetNm=PRODUCT,375,25,증류주,S_007
토끼소주 골드,농업회사법인 토끼소주 (주),http://thesool.com/common/imageView.do?targetId=PR00001025&targetNm=PRODUCT,375,46,증류주,S_008
토끼소주 블랙,농업회사법인 토끼소주 (주),http://thesool.com/common/imageView.do?targetId=PR00001024&targetNm=PRODUCT,375,40,증류주,S_009
가무치,농업회사법인 주식회사 다농바이오,http://thesool.com/common/imageView.do?targetId=PR00001022&targetNm=PRODUCT,375,25,증류주,S_010
백제소주,내변산,http://thesool.com/common/imageView.do?targetId=PR00001019&targetNm=PRODUCT,375,25,증류주,S_011
병영사또,병영양조장,http://thesool.com/common/imageView.do?targetId=PR00001012&targetNm=PRODUCT,200,40,증류주,S_012
진심 인삼주,태평주가,http://thesool.com/common/imageView.do?targetId=PR00001006&targetNm=PRODUCT,375,19,증류주,S_013
팔로미 더 화이트 21 (8ROMI 19+ THE WHITE 21),농업회사법인 팔로미 주식회사,http://thesool.com/common/imageView.do?targetId=PR00001003&targetNm=PRODUCT,375,21,증류주,S_014
팔로미 더 블랙 26 (8ROMI 19+ THE BLACK 26),농업회사법인 팔로미 주식회사,http://thesool.com/common/imageView.do?targetId=PR00001002&targetNm=PRODUCT,375,26,증류주,S_015
참주가 청화랑,참주가,http://thesool.com/common/imageView.do?targetId=PR00000942&targetNm=PRODUCT,360,17,증류주,S_016
참주가 서해밤바다,참주가,http://thesool.com/common/imageView.do?targetId=PR00000941&targetNm=PRODUCT,360,17.1,증류주,S_017
참주가 동해밤바다,참주가,http://thesool.com/common/imageView.do?targetId=PR00000940&targetNm=PRODUCT,360,17.2,증류주,S_018
착한농부 막시모파인오크 40,농업회사법인(주)착한농부,http://thesool.com/common/imageView.do?targetId=PR00000939&targetNm=PRODUCT,200,40,증류주,S_019
착한농부 막시모 25,농업회사법인(주)착한농부,http://thesool.com/common/imageView.do?targetId=PR00000938&targetNm=PRODUCT,360,25,증류주,S_020
착한농부 막시모 17,농업회사법인(주)착한농부,http://thesool.com/common/imageView.do?targetId=PR00000937&targetNm=PRODUCT,360,17,증류주,S_021
남한산성소주 21,남한산성소주,http://thesool.com/common/imageView.do?targetId=PR00000932&targetNm=PRODUCT,375,21,증류주,S_022
아치23,양촌감양조장,http://thesool.com/common/imageView.do?targetId=PR00000931&targetNm=PRODUCT,375,23,증류주,S_023
고리진,㈜하우스오브헤리티지,http://thesool.com/common/imageView.do?targetId=PR00000927&targetNm=PRODUCT,500,47,증류주,S_024
황금보리 증류주 40,황금보리(유)농업회사법인,http://thesool.com/common/imageView.do?targetId=PR00000921&targetNm=PRODUCT,375,40,증류주,S_025
황금보리 증류주 25,황금보리(유)농업회사법인,http://thesool.com/common/imageView.do?targetId=PR00000920&targetNm=PRODUCT,375,25,증류주,S_026
겨울소주45,농업회사법인 아리랑주조㈜,http://thesool.com/common/imageView.do?targetId=PR00000919&targetNm=PRODUCT,360,45,증류주,S_027
진도 백주,대대로영농조합법인,http://thesool.com/common/imageView.do?targetId=PR00000918&targetNm=PRODUCT,375,38,증류주,S_028
황금보리 증류주 17,황금보리(유)농업회사법인,http://thesool.com/common/imageView.do?targetId=PR00000915&targetNm=PRODUCT,375,17,증류주,S_029
불소주,한산소곡주,http://thesool.com/common/imageView.do?targetId=PR00000909&targetNm=PRODUCT,500,41,증류주,S_030
진안블랙,농업회사법인㈜태평주가,http://thesool.com/common/imageView.do?targetId=PR00000908&targetNm=PRODUCT,500,40,증류주,S_031
도래하,(주)배혜정농업회사법인,http://thesool.com/common/imageView.do?targetId=PR00000907&targetNm=PRODUCT,350,19,증류주,S_032
백송,한산소곡주,http://thesool.com/common/imageView.do?targetId=PR00000901&targetNm=PRODUCT,500,16,증류주,S_033
화백,한산소곡주,http://thesool.com/common/imageView.do?targetId=PR00000900&targetNm=PRODUCT,500,25,증류주,S_034
바람,내국양조,http://thesool.com/common/imageView.do?targetId=PR00000896&targetNm=PRODUCT,375,20,증류주,S_035
하늘,내국양조,http://thesool.com/common/imageView.do?targetId=PR00000895&targetNm=PRODUCT,375,45,증류주,S_036
빡치주,술샘,http://thesool.com/common/imageView.do?targetId=PR00000861&targetNm=PRODUCT,375,25,증류주,S_037
동해소주,설악프로방스배꽃마을,http://thesool.com/common/imageView.do?targetId=PR00000853&targetNm=PRODUCT,360,17.5,증류주,S_038
독도소주,설악프로방스배꽃마을,http://thesool.com/common/imageView.do?targetId=PR00000852&targetNm=PRODUCT,375,17.3,증류주,S_039
꽃빛서리,고창서해안복분자주,http://thesool.com/common/imageView.do?targetId=PR00000846&targetNm=PRODUCT,360,17.2,증류주,S_040
원소주,원스피리츠 농업법인 주식회사,http://thesool.com/common/imageView.do?targetId=PR00000827&targetNm=PRODUCT,375,22,증류주,S_041
김수한무,한국고량주 농업회사법인,http://thesool.com/common/imageView.do?targetId=PR00000820&targetNm=PRODUCT,375,39,증류주,S_042
미르아토 증류주 tears of god,금용농산,http://thesool.com/common/imageView.do?targetId=PR00000819&targetNm=PRODUCT,200,40,증류주,S_043
아우내,(주)두레양조,http://thesool.com/common/imageView.do?targetId=PR00000812&targetNm=PRODUCT,360,20,증류주,S_044
입술,술빚는전가네,http://thesool.com/common/imageView.do?targetId=PR00000794&targetNm=PRODUCT,250,40,증류주,S_045
육십일도,술빚는전가네,http://thesool.com/common/imageView.do?targetId=PR00000793&targetNm=PRODUCT,250,61,증류주,S_046
사십오도,술빚는전가네,http://thesool.com/common/imageView.do?targetId=PR00000792&targetNm=PRODUCT,250,45,증류주,S_047
산막와이너리 증류주 환희,산막 와이너리,http://thesool.com/common/imageView.do?targetId=PR00000790&targetNm=PRODUCT,375,40,증류주,S_048
오디여라,전주이강주,http://thesool.com/common/imageView.do?targetId=PR00000787&targetNm=PRODUCT,375,25,증류주,S_049
매화마름,배혜정도가,http://thesool.com/common/imageView.do?targetId=PR00000761&targetNm=PRODUCT,375,14,증류주,S_050
타락40,우유로 만든 증류주 타락,http://thesool.com/common/imageView.do?targetId=PR00000758&targetNm=PRODUCT,200,40,증류주,S_051
추사백25,예산사과와인,http://thesool.com/common/imageView.do?targetId=PR00000754&targetNm=PRODUCT,350,25,증류주,S_052
죽향41,죽향도가,http://thesool.com/common/imageView.do?targetId=PR00000753&targetNm=PRODUCT,375,41,증류주,S_053
일엽편주,농암종택 전통주,http://thesool.com/common/imageView.do?targetId=PR00000752&targetNm=PRODUCT,375,38,증류주,S_054
유기농 이도 32,조은술 세종,http://thesool.com/common/imageView.do?targetId=PR00000751&targetNm=PRODUCT,375,32,증류주,S_055
엄청주,삼오식품,http://thesool.com/common/imageView.do?targetId=PR00000750&targetNm=PRODUCT,360,18,증류주,S_056
소여강 25%,추연당,http://thesool.com/common/imageView.do?targetId=PR00000748&targetNm=PRODUCT,375,25,증류주,S_057
선비 진,농업회사법인 토끼소주,http://thesool.com/common/imageView.do?targetId=PR00000747&targetNm=PRODUCT,375,48,증류주,S_058
로아40화이트,배혜정도가,http://thesool.com/common/imageView.do?targetId=PR00000746&targetNm=PRODUCT,350,40,증류주,S_059
로아19화이트,배혜정도가,http://thesool.com/common/imageView.do?targetId=PR00000745&targetNm=PRODUCT,350,19,증류주,S_060
로아40퍼플,배혜정도가,http://thesool.com/common/imageView.do?targetId=PR00000744&targetNm=PRODUCT,350,40,증류주,S_061
로아19옐로우,배혜정도가,http://thesool.com/common/imageView.do?targetId=PR00000743&targetNm=PRODUCT,350,19,증류주,S_062
로아19레드,배혜정도가,http://thesool.com/common/imageView.do?targetId=PR00000742&targetNm=PRODUCT,350,19,증류주,S_063
달홀진주40,농업회사법인 달홀주조,http://thesool.com/common/imageView.do?targetId=PR00000741&targetNm=PRODUCT,375,40,증류주,S_064
달홀진주25,농업회사법인 달홀주조,http://thesool.com/common/imageView.do?targetId=PR00000740&targetNm=PRODUCT,375,25,증류주,S_065
금설,금산인삼주양조장,http://thesool.com/common/imageView.do?targetId=PR00000739&targetNm=PRODUCT,375,35,증류주,S_066
각시탈,명품안동소주,http://thesool.com/common/imageView.do?targetId=PR00000738&targetNm=PRODUCT,200,45,증류주,S_067
52C,청산녹수,http://thesool.com/common/imageView.do?targetId=PR00000737&targetNm=PRODUCT,500,17.5,증류주,S_068
백이주,농업회사법인(주)세찬,http://thesool.com/common/imageView.do?targetId=PR00000692&targetNm=PRODUCT,800,35,증류주,S_069
미상25,시트러스,http://thesool.com/common/imageView.do?targetId=PR00000687&targetNm=PRODUCT,350,25,증류주,S_070
죽력고,태인합동주조장,http://thesool.com/common/imageView.do?targetId=PR00000686&targetNm=PRODUCT,700,32,증류주,S_071
진맥소주 22%,농업회사법인 (주)밀과노닐다,http://thesool.com/common/imageView.do?targetId=PR00000685&targetNm=PRODUCT,375,22,증류주,S_072
두레앙목통숙성주,(주)두레양조,http://thesool.com/common/imageView.do?targetId=PR00000623&targetNm=PRODUCT,500,35,증류주,S_073
금산인삼백주,㈜금산인삼주,http://thesool.com/common/imageView.do?targetId=PR00000595&targetNm=PRODUCT,500,43,증류주,S_074
의림소주,제천한약(영),http://thesool.com/common/imageView.do?targetId=PR00000594&targetNm=PRODUCT,700,40,증류주,S_075
화요 41,㈜화요,http://thesool.com/common/imageView.do?targetId=PR00000592&targetNm=PRODUCT,375,41,증류주,S_076
화요 25,㈜화요,http://thesool.com/common/imageView.do?targetId=PR00000591&targetNm=PRODUCT,375,17,증류주,S_077
화요 17,㈜화요,http://thesool.com/common/imageView.do?targetId=PR00000592&targetNm=PRODUCT,375,25,증류주,S_078
천지향 증류주,함평천지복분자(영),http://thesool.com/common/imageView.do?targetId=PR00000591&targetNm=PRODUCT,500,40,증류주,S_079
진심홍삼인삼주 19,(농)㈜태평주가,http://thesool.com/common/imageView.do?targetId=PR00000589&targetNm=PRODUCT,375,19,증류주,S_080
진심홍삼인삼주 38,(농)㈜태평주가,http://thesool.com/common/imageView.do?targetId=PR00000589&targetNm=PRODUCT,750,38,증류주,S_081
문배술,문배주양조원,http://thesool.com/common/imageView.do?targetId=PR00000588&targetNm=PRODUCT,500,40,증류주,S_082
"진도홍주, 만홍",대대로영농조합법인,http://thesool.com/common/imageView.do?targetId=PR00000587&targetNm=PRODUCT,400,40,증류주,S_083
남한산성소주,남한산성소주,http://thesool.com/common/imageView.do?targetId=PR00000586&targetNm=PRODUCT,400,40,증류주,S_084
병영설성사또,병영주조장,http://thesool.com/common/imageView.do?targetId=PR00000585&targetNm=PRODUCT,750,40,증류주,S_085
톡 한잔 소주,(농)(유)대마주조,http://thesool.com/common/imageView.do?targetId=PR00000584&targetNm=PRODUCT,500,30,증류주,S_086
수삼단본 720,㈜금산인삼주,http://thesool.com/common/imageView.do?targetId=PR00000583&targetNm=PRODUCT,720,43,증류주,S_087
송로주,송로주,http://thesool.com/common/imageView.do?targetId=PR00000582&targetNm=PRODUCT,700,48,증류주,S_088
소나무와 학,용두산조은술(영),http://thesool.com/common/imageView.do?targetId=PR00000581&targetNm=PRODUCT,700,43,증류주,S_089
두레앙 일반증류주,(주)두레양조,http://thesool.com/common/imageView.do?targetId=PR00000580&targetNm=PRODUCT,750,35,증류주,S_090
금휘,용두산조은술(영),http://thesool.com/common/imageView.do?targetId=PR00000579&targetNm=PRODUCT,500,35,증류주,S_091
로얄 안동소주,(농)유토피아㈜,http://thesool.com/common/imageView.do?targetId=PR00000576&targetNm=PRODUCT,600,45,증류주,S_092
타미앙스,추성고을,http://thesool.com/common/imageView.do?targetId=PR00000575&targetNm=PRODUCT,400,40,증류주,S_093
추성주,추성고을,http://thesool.com/common/imageView.do?targetId=PR00000574&targetNm=PRODUCT,350,25,증류주,S_094
포항불로주,불로주,http://thesool.com/common/imageView.do?targetId=PR00000572&targetNm=PRODUCT,800,45,증류주,S_095
계룡백일주 40%,계룡백일주,http://thesool.com/common/imageView.do?targetId=PR00000569&targetNm=PRODUCT,600,40,증류주,S_096
두레앙22,(주)두레양조,http://thesool.com/common/imageView.do?targetId=PR00000568&targetNm=PRODUCT,375,22,증류주,S_097
미르,술샘,http://thesool.com/common/imageView.do?targetId=PR00000567&targetNm=PRODUCT,375,54,증류주,S_098
소호 (36.5도),밝은세상영농조합,http://thesool.com/common/imageView.do?targetId=PR00000566&targetNm=PRODUCT,350,36.5,증류주,S_099
소호 (56도),밝은세상영농조합,http://thesool.com/common/imageView.do?targetId=PR00000566&targetNm=PRODUCT,350,56,증류주,S_100
명인 안동소주,명인안동소주,http://thesool.com/common/imageView.do?targetId=PR00000565&targetNm=PRODUCT,800,45,증류주,S_101
명인 안동소주 하회탈,명인안동소주,http://thesool.com/common/imageView.do?targetId=PR00000564&targetNm=PRODUCT,800,45,증류주,S_102
명인 안동소주 22%,명인안동소주,http://thesool.com/common/imageView.do?targetId=PR00000563&targetNm=PRODUCT,360,22,증류주,S_103
문배술 헤리티지 25도,문배주양조원,http://thesool.com/common/imageView.do?targetId=PR00000562&targetNm=PRODUCT,375,25,증류주,S_104
문배술 헤리티지 40도,문배주양조원,http://thesool.com/common/imageView.do?targetId=PR00000561&targetNm=PRODUCT,200,40,증류주,S_105
제주술익는집 고소리술,제주고소리술익는집,http://thesool.com/common/imageView.do?targetId=PR00000560&targetNm=PRODUCT,400,40,증류주,S_106
예술주조 `무작`,예술주조,http://thesool.com/common/imageView.do?targetId=PR00000559&targetNm=PRODUCT,500,53,증류주,S_107
오매락,배상면주가,http://thesool.com/common/imageView.do?targetId=PR00000558&targetNm=PRODUCT,500,40,증류주,S_108
로아40 옐로우,배혜정도가,http://thesool.com/common/imageView.do?targetId=PR00000557&targetNm=PRODUCT,350,40,증류주,S_109
징기스칸,고도리 와이너리,http://thesool.com/common/imageView.do?targetId=PR00000556&targetNm=PRODUCT,375,40,증류주,S_110
추사40,예산사과와인,http://thesool.com/common/imageView.do?targetId=PR00000555&targetNm=PRODUCT,500,40,증류주,S_111
The 찾을수록,㈜한국애플리즈,http://thesool.com/common/imageView.do?targetId=PR00000554&targetNm=PRODUCT,360,16,증류주,S_112
세우리,제주샘주,http://thesool.com/common/imageView.do?targetId=PR00000553&targetNm=PRODUCT,700,45,증류주,S_113
고운달 오크,오미나라,http://thesool.com/common/imageView.do?targetId=PR00000552&targetNm=PRODUCT,200,52,증류주,S_114
고운달 백자,오미나라,http://thesool.com/common/imageView.do?targetId=PR00000551&targetNm=PRODUCT,500,52,증류주,S_115
문경바람 오크,오미나라,http://thesool.com/common/imageView.do?targetId=PR00000550&targetNm=PRODUCT,750,40,증류주,S_116
한비 쌀소주,제천한약영농조합법인,http://thesool.com/common/imageView.do?targetId=PR00000549&targetNm=PRODUCT,375,40,증류주,S_117
한비 오가피술,제천한약영농조합법인,http://thesool.com/common/imageView.do?targetId=PR00000548&targetNm=PRODUCT,375,35,증류주,S_118
계룡산 산삼주 금수강산 40%,한국산삼,http://thesool.com/common/imageView.do?targetId=PR00000547&targetNm=PRODUCT,740,40,증류주,S_119
계룡산 산삼주 금수강산 21%,한국산삼,http://thesool.com/common/imageView.do?targetId=PR00000546&targetNm=PRODUCT,740,21,증류주,S_120
화주,내국양조,http://thesool.com/common/imageView.do?targetId=PR00000545&targetNm=PRODUCT,375,25,증류주,S_121
강소주,내국양조,http://thesool.com/common/imageView.do?targetId=PR00000544&targetNm=PRODUCT,200,50,증류주,S_122
왕율주,사곡양조원,http://thesool.com/common/imageView.do?targetId=PR00000543&targetNm=PRODUCT,330,25,증류주,S_123
한주,한주양조,http://thesool.com/common/imageView.do?targetId=PR00000542&targetNm=PRODUCT,360,35,증류주,S_124
천비향 화주,좋은술,http://thesool.com/common/imageView.do?targetId=PR00000541&targetNm=PRODUCT,375,40,증류주,S_125
이도 22,조은술 세종,http://thesool.com/common/imageView.do?targetId=PR00000540&targetNm=PRODUCT,375,22,증류주,S_126
려,국순당,http://thesool.com/common/imageView.do?targetId=PR00000539&targetNm=PRODUCT,375,25,증류주,S_127
대잎술,추성고을,http://thesool.com/common/imageView.do?targetId=PR00000538&targetNm=PRODUCT,300,12,증류주,S_128
명품홍주,대대로영농조합법인,http://thesool.com/common/imageView.do?targetId=PR00000537&targetNm=PRODUCT,375,38,증류주,S_129
느린마을 증류주,배상면주가,http://thesool.com/common/imageView.do?targetId=PR00000536&targetNm=PRODUCT,360,16.9,증류주,S_130
원매,더한주류,http://thesool.com/common/imageView.do?targetId=PR00000535&targetNm=PRODUCT,750,20,증류주,S_131
삼해소주,㈜삼해소주,http://thesool.com/common/imageView.do?targetId=PR00000534&targetNm=PRODUCT,400,45,증류주,S_132
신례명주,시트러스,http://thesool.com/common/imageView.do?targetId=PR00000533&targetNm=PRODUCT,750,50,증류주,S_133
오디아락40,배상면주가,http://thesool.com/common/imageView.do?targetId=PR00000532&targetNm=PRODUCT,500,40,증류주,S_134
복분자아락40,배상면주가,http://thesool.com/common/imageView.do?targetId=PR00000531&targetNm=PRODUCT,500,40,증류주,S_135
로아40 레드,배혜정도가,http://thesool.com/common/imageView.do?targetId=PR00000529&targetNm=PRODUCT,350,40,증류주,S_136
명랑 스컬,더한주류,http://thesool.com/common/imageView.do?targetId=PR00000528&targetNm=PRODUCT,375,17,증류주,S_137
소여강,추연당,http://thesool.com/common/imageView.do?targetId=PR00000527&targetNm=PRODUCT,375,42,증류주,S_138
혼,오미나라,http://thesool.com/common/imageView.do?targetId=PR00000526&targetNm=PRODUCT,375,22,증류주,S_139
해방주,농업회사법인영덕주조,http://thesool.com/common/imageView.do?targetId=PR00000525&targetNm=PRODUCT,375,18.8,증류주,S_140
풍정사계 동(冬),풍정사계,http://thesool.com/common/imageView.do?targetId=PR00000524&targetNm=PRODUCT,375,42,증류주,S_141
커피냑,제주커피수목원,http://thesool.com/common/imageView.do?targetId=PR00000523&targetNm=PRODUCT,200,40,증류주,S_142
메밀이슬,술도가제주바당,http://thesool.com/common/imageView.do?targetId=PR00000522&targetNm=PRODUCT,500,40,증류주,S_143
커피와인 톡시,제주커피수목원,http://thesool.com/common/imageView.do?targetId=PR00000521&targetNm=PRODUCT,200,11,증류주,S_144
키위술,술도가제주바당,http://thesool.com/common/imageView.do?targetId=PR00000520&targetNm=PRODUCT,500,40,증류주,S_145
제주낭만,술도가제주바당,http://thesool.com/common/imageView.do?targetId=PR00000519&targetNm=PRODUCT,500,40,증류주,S_146
토끼 소주,농업회사법인 토끼소주㈜,http://thesool.com/common/imageView.do?targetId=PR00000518&targetNm=PRODUCT,375,23,증류주,S_147
부자진 배치#0001,㈜부자진농업회사법인,http://thesool.com/common/imageView.do?targetId=PR00000517&targetNm=PRODUCT,375,44,증류주,S_148
진맥 소주,맹개술도가,http://thesool.com/common/imageView.do?targetId=PR00000516&targetNm=PRODUCT,200,40,증류주,S_149
예천주복 만월40,착한농부,http://thesool.com/common/imageView.do?targetId=PR00000515&targetNm=PRODUCT,350,40,증류주,S_150
느린마을소주21,배상면주가,http://thesool.com/common/imageView.do?targetId=PR00000514&targetNm=PRODUCT,375,21,증류주,S_151
대장부23,롯데칠성음료,http://thesool.com/common/imageView.do?targetId=PR00000513&targetNm=PRODUCT,375,23,증류주,S_152
백제한산군주,㈜백제명가주조,http://thesool.com/common/imageView.do?targetId=PR00000512&targetNm=PRODUCT,250,25,증류주,S_153
이상헌 소주,농업회사법인 이가수불㈜,http://thesool.com/common/imageView.do?targetId=PR00000511&targetNm=PRODUCT,500,52,증류주,S_154
도원결의,농업회사법인영덕주조,http://thesool.com/common/imageView.do?targetId=PR00000510&targetNm=PRODUCT,375,15,증류주,S_155
수성 프리미엄 백주43,㈜수성주류,http://thesool.com/common/imageView.do?targetId=PR00000509&targetNm=PRODUCT,500,43,증류주,S_156
모월 인,모월,http://thesool.com/common/imageView.do?targetId=PR00000508&targetNm=PRODUCT,500,41,증류주,S_157
감아락 25,배상면주가,http://thesool.com/common/imageView.do?targetId=PR00000507&targetNm=PRODUCT,500,25,증류주,S_158
감이슬,양촌감영농조합법인,http://thesool.com/common/imageView.do?targetId=PR00000506&targetNm=PRODUCT,375,23,증류주,S_159
겨울소주 25,두이술공방,http://thesool.com/common/imageView.do?targetId=PR00000505&targetNm=PRODUCT,360,25,증류주,S_160
귀감,시트러스,http://thesool.com/common/imageView.do?targetId=PR00000503&targetNm=PRODUCT,350,25,증류주,S_161
느낌 19.8,명품 안동소주,http://thesool.com/common/imageView.do?targetId=PR00000502&targetNm=PRODUCT,360,19.8,증류주,S_162
느낌 30,명품 안동소주,http://thesool.com/common/imageView.do?targetId=PR00000501&targetNm=PRODUCT,360,30,증류주,S_163
담양 죽력고,추성고을,http://thesool.com/common/imageView.do?targetId=PR00000500&targetNm=PRODUCT,350,25,증류주,S_164
독산 53,오산양조,http://thesool.com/common/imageView.do?targetId=PR00000499&targetNm=PRODUCT,250,53,증류주,S_165
두리향,케이소주,http://thesool.com/common/imageView.do?targetId=PR00000498&targetNm=PRODUCT,500,43,증류주,S_166
마주 소곡화주,옥순가 소곡주 마주,http://thesool.com/common/imageView.do?targetId=PR00000497&targetNm=PRODUCT,500,41,증류주,S_167
막시모 40,착한농부,http://thesool.com/common/imageView.do?targetId=PR00000496&targetNm=PRODUCT,500,40,증류주,S_168
메밀로,두루,http://thesool.com/common/imageView.do?targetId=PR00000495&targetNm=PRODUCT,500,45,증류주,S_169
명인 안동소주 양반탈,명인안동소주,http://thesool.com/common/imageView.do?targetId=PR00000493&targetNm=PRODUCT,800,45,증류주,S_170
배도가 로아 40도 옐로우,배혜정도가,http://thesool.com/common/imageView.do?targetId=PR00000492&targetNm=PRODUCT,350,40,증류주,S_171
민속주 안동소주,민속주안동소주,http://thesool.com/common/imageView.do?targetId=PR00000491&targetNm=PRODUCT,400,45,증류주,S_172
문경바람 백자 40,제이엘,http://thesool.com/common/imageView.do?targetId=PR00000490&targetNm=PRODUCT,750,40,증류주,S_173
문경바람 백자 25,제이엘,http://thesool.com/common/imageView.do?targetId=PR00000489&targetNm=PRODUCT,750,25,증류주,S_174
병영소주,병영양조장,http://thesool.com/common/imageView.do?targetId=PR00000488&targetNm=PRODUCT,700,40,증류주,S_175
샤토미소 영동,도란원,http://thesool.com/common/imageView.do?targetId=PR00000487&targetNm=PRODUCT,200,40,증류주,S_176
안동소주 일품 21도,안동소주일품,http://thesool.com/common/imageView.do?targetId=PR00000485&targetNm=PRODUCT,350,21,증류주,S_177
안동소주 일품 40도 골드,안동소주일품,http://thesool.com/common/imageView.do?targetId=PR00000484&targetNm=PRODUCT,500,40,증류주,S_178
안동소주 일품 17도,안동소주일품,http://thesool.com/common/imageView.do?targetId=PR00000483&targetNm=PRODUCT,350,17,증류주,S_179
부자진 오미자 진,(주)부자진농업회사법인,http://thesool.com/common/imageView.do?targetId=PR00000482&targetNm=PRODUCT,375,44,증류주,S_180
연천 우주,농업회사법인 연천양조(주),http://thesool.com/common/imageView.do?targetId=PR00000481&targetNm=PRODUCT,360,22,증류주,S_181
주향담을,농업회사법인 담을,http://thesool.com/common/imageView.do?targetId=PR00000480&targetNm=PRODUCT,500,41,증류주,S_182
주향아라,농업회사법인 담을,http://thesool.com/common/imageView.do?targetId=PR00000479&targetNm=PRODUCT,500,55,증류주,S_183
한산예담은 한산소곡화주,한산예담은소곡주,http://thesool.com/common/imageView.do?targetId=PR00000478&targetNm=PRODUCT,500,41,증류주,S_184
예천주 사월24,농업회사법인(주)착한농부,http://thesool.com/common/imageView.do?targetId=PR00000477&targetNm=PRODUCT,375,24,증류주,S_185
예천주 사월365,농업회사법인(주)착한농부,http://thesool.com/common/imageView.do?targetId=PR00000476&targetNm=PRODUCT,375,36.5,증류주,S_186
예천주복 만월24,농업회사법인(주)착한농부,http://thesool.com/common/imageView.do?targetId=PR00000475&targetNm=PRODUCT,350,40,증류주,S_187
밤빛머루,농업회사법인 산들벗(주),http://thesool.com/common/imageView.do?targetId=PR00000474&targetNm=PRODUCT,360,16.9,증류주,S_188
추사47,예산사과와인,http://thesool.com/common/imageView.do?targetId=PR00000473&targetNm=PRODUCT,500,47,증류주,S_189
한산 소곡화주,원조소곡주,http://thesool.com/common/imageView.do?targetId=PR00000472&targetNm=PRODUCT,300,41,증류주,S_190
유기농 이도 42,조은술 세종,http://thesool.com/common/imageView.do?targetId=PR00000471&targetNm=PRODUCT,375,42,증류주,S_191
블링블링 바다별,영덕주조,http://thesool.com/common/imageView.do?targetId=PR00001041&targetNm=PRODUCT,375,15,기타,O_001
진도대복홍주 진 22호,진도대복홍주,http://thesool.com/common/imageView.do?targetId=PR00001037&targetNm=PRODUCT,1800,60,기타,O_002
고도리술,제주샘주,http://thesool.com/common/imageView.do?targetId=PR00000998&targetNm=PRODUCT,375,40,기타,O_003
이강주,전주 이강주,http://thesool.com/common/imageView.do?targetId=PR00000997&targetNm=PRODUCT,375,19,기타,O_004
북한강25,농업회사법인㈜화천주가,http://thesool.com/common/imageView.do?targetId=PR00000996&targetNm=PRODUCT,375,25,기타,O_005
청혼 레드25,제이앤제이브루어리유한회사,http://thesool.com/common/imageView.do?targetId=PR00000965&targetNm=PRODUCT,375,25,기타,O_006
독산 30,오산양조,http://thesool.com/common/imageView.do?targetId=PR00000957&targetNm=PRODUCT,250,30,기타,O_007
일오백블루,한산소곡주,http://thesool.com/common/imageView.do?targetId=PR00000935&targetNm=PRODUCT,700,43,기타,O_008
일오백골드,한산소곡주,http://thesool.com/common/imageView.do?targetId=PR00000934&targetNm=PRODUCT,700,43,기타,O_009
여유25,농업회사법인 유한회사 양촌양조,http://thesool.com/common/imageView.do?targetId=PR00000914&targetNm=PRODUCT,375,25,기타,O_010
밀담40,농업회사법인 ㈜착한농부,http://thesool.com/common/imageView.do?targetId=PR00000903&targetNm=PRODUCT,360,40,기타,O_011
행복한 상상 쵸코맛,영덕주조,http://thesool.com/common/imageView.do?targetId=PR00000857&targetNm=PRODUCT,300,15,기타,O_012
뱁새,이쁜꽃양조장,http://thesool.com/common/imageView.do?targetId=PR00000855&targetNm=PRODUCT,375,23,기타,O_013
인어교주해적술,영덕주조,http://thesool.com/common/imageView.do?targetId=PR00000783&targetNm=PRODUCT,360,15,기타,O_014
볼빨간미자,술샘,http://thesool.com/common/imageView.do?targetId=PR00000782&targetNm=PRODUCT,375,16,기타,O_015
배도가 심플리 애플,배혜정도가,http://thesool.com/common/imageView.do?targetId=PR00000757&targetNm=PRODUCT,350,12,기타,O_016
자연송이주,솔래원,http://thesool.com/common/imageView.do?targetId=PR00000689&targetNm=PRODUCT,720,18,기타,O_017
진도홍주 루비콘,대대로영농조합법인,http://thesool.com/common/imageView.do?targetId=PR00000688&targetNm=PRODUCT,375,40,기타,O_018
모리,강산명주,http://thesool.com/common/imageView.do?targetId=PR00000684&targetNm=PRODUCT,375,19,기타,O_019
장수홍삼주,경원리큐르,http://thesool.com/common/imageView.do?targetId=PR00000657&targetNm=PRODUCT,750,25,기타,O_020
원매 프리미엄,더한주류,http://thesool.com/common/imageView.do?targetId=PR00000656&targetNm=PRODUCT,700,20,기타,O_021
오매락퍽,배상면주가,http://thesool.com/common/imageView.do?targetId=PR00000655&targetNm=PRODUCT,500,40,기타,O_022
산삼가득 명술,대농바이오우리산삼,http://thesool.com/common/imageView.do?targetId=PR00000654&targetNm=PRODUCT,375,20,기타,O_023
매실원주 허니,더한주류,http://thesool.com/common/imageView.do?targetId=PR00000653&targetNm=PRODUCT,300,20,기타,O_024
담솔,솔송주(명가원),http://thesool.com/common/imageView.do?targetId=PR00000652&targetNm=PRODUCT,500,40,기타,O_025
"진도홍주 아라리35%, 루비콘40%",대대로영농조합법인,http://thesool.com/common/imageView.do?targetId=PR00000651&targetNm=PRODUCT,375,40,기타,O_026
송화백일주,송화양조원,http://thesool.com/common/imageView.do?targetId=PR00000649&targetNm=PRODUCT,700,38,기타,O_027
한비오가피술골드,제천한약(영),http://thesool.com/common/imageView.do?targetId=PR00000648&targetNm=PRODUCT,500,35,기타,O_028
불소곡주,한산소곡주,http://thesool.com/common/imageView.do?targetId=PR00000647&targetNm=PRODUCT,700,43,기타,O_029
라이코펜 토마토와인,토마토와인주식회사,http://thesool.com/common/imageView.do?targetId=PR00000646&targetNm=PRODUCT,350,12,기타,O_030
나 와인,영농법인에스비케이조합,http://thesool.com/common/imageView.do?targetId=PR00000645&targetNm=PRODUCT,500,10,기타,O_031
SSOA-포도,㈜포천조술당,http://thesool.com/common/imageView.do?targetId=PR00000644&targetNm=PRODUCT,355,5,기타,O_032
이담,배혜정도가,http://thesool.com/common/imageView.do?targetId=PR00000642&targetNm=PRODUCT,700,55,기타,O_033
매실탁테일,배혜정도가,http://thesool.com/common/imageView.do?targetId=PR00000641&targetNm=PRODUCT,375,7,기타,O_034
주몽복분자주,농업회사법인(유)술소리,http://thesool.com/common/imageView.do?targetId=PR00000640&targetNm=PRODUCT,375,16,기타,O_035
백운복분자주,백운주가,http://thesool.com/common/imageView.do?targetId=PR00000639&targetNm=PRODUCT,360,13,기타,O_036
산내울 오미자주,예산사과와인,http://thesool.com/common/imageView.do?targetId=PR00000638&targetNm=PRODUCT,750,16,기타,O_037
제주감귤주 귤로만,제주와이너리,http://thesool.com/common/imageView.do?targetId=PR00000637&targetNm=PRODUCT,750,7,기타,O_038
매아랑,하동매실 영농조합법인,http://thesool.com/common/imageView.do?targetId=PR00000636&targetNm=PRODUCT,750,10.7,기타,O_039
과하주23,김천과하주,http://thesool.com/common/imageView.do?targetId=PR00000635&targetNm=PRODUCT,400,23,기타,O_040
애피소드호프,㈜한국애플리즈,http://thesool.com/common/imageView.do?targetId=PR00000634&targetNm=PRODUCT,500,3.5,기타,O_041
한비 동충하초술,제천한약(영),http://thesool.com/common/imageView.do?targetId=PR00000633&targetNm=PRODUCT,375,35,기타,O_042
한비 무병장수술,제천한약(영),http://thesool.com/common/imageView.do?targetId=PR00000632&targetNm=PRODUCT,375,35,기타,O_043
진쾌남,사곡양조장,http://thesool.com/common/imageView.do?targetId=PR00000631&targetNm=PRODUCT,330,25,기타,O_044
호담 300ml,대농바이오우리산삼,http://thesool.com/common/imageView.do?targetId=PR00000630&targetNm=PRODUCT,300,20,기타,O_045
술샘16,술샘,http://thesool.com/common/imageView.do?targetId=PR00000629&targetNm=PRODUCT,375,16,기타,O_046
술샘19,술샘,http://thesool.com/common/imageView.do?targetId=PR00000628&targetNm=PRODUCT,375,19,기타,O_047
한비 유자술,제천한약(영),http://thesool.com/common/imageView.do?targetId=PR00000627&targetNm=PRODUCT,750,35,기타,O_048
공주알밤 왕밤주,사곡양조장,http://thesool.com/common/imageView.do?targetId=PR00000626&targetNm=PRODUCT,750,6,기타,O_049
허니비,아이비영농조합법인,http://thesool.com/common/imageView.do?targetId=PR00000625&targetNm=PRODUCT,500,8,기타,O_050
허니문,아이비영농조합법인,http://thesool.com/common/imageView.do?targetId=PR00000624&targetNm=PRODUCT,375,8,기타,O_051
티나(TINA),추성고을,http://thesool.com/common/imageView.do?targetId=PR00000622&targetNm=PRODUCT,750,16,기타,O_052
홍삼명주,자연과 인삼,http://thesool.com/common/imageView.do?targetId=PR00000621&targetNm=PRODUCT,375,14,기타,O_053
아이엠더문,조은술 세종,http://thesool.com/common/imageView.do?targetId=PR00000620&targetNm=PRODUCT,375,17,기타,O_054
꿀샘 16,술샘,http://thesool.com/common/imageView.do?targetId=PR00000618&targetNm=PRODUCT,375,16,기타,O_055
금과 명주,㈜한국애플리즈,http://thesool.com/common/imageView.do?targetId=PR00000617&targetNm=PRODUCT,750,40,기타,O_056
제주몬순커피주,제주커피수목원,http://thesool.com/common/imageView.do?targetId=PR00000616&targetNm=PRODUCT,200,11,기타,O_057
괴산 세종 찰옥수수 전통주,조은술 세종,http://thesool.com/common/imageView.do?targetId=PR00000615&targetNm=PRODUCT,750,6,기타,O_058
"동백꽃, 제주",제주본초협동조합 왕지케양조장,http://thesool.com/common/imageView.do?targetId=PR00000614&targetNm=PRODUCT,365,16,기타,O_059
경기전,전주술로시티,http://thesool.com/common/imageView.do?targetId=PR00000613&targetNm=PRODUCT,1000,5,기타,O_060
녹고의 눈물,토향,http://thesool.com/common/imageView.do?targetId=PR00000612&targetNm=PRODUCT,500,16,기타,O_061
녹천 소곡화주 480ml,녹천주조장,http://thesool.com/common/imageView.do?targetId=PR00000611&targetNm=PRODUCT,480,41,기타,O_062
녹천 소곡화주 500ml,녹천주조장,http://thesool.com/common/imageView.do?targetId=PR00000610&targetNm=PRODUCT,500,41,기타,O_063
동강더덕주,영월더덕영농조합법인,http://thesool.com/common/imageView.do?targetId=PR00000609&targetNm=PRODUCT,360,20,기타,O_064
르깔롱,추성고을,http://thesool.com/common/imageView.do?targetId=PR00000608&targetNm=PRODUCT,500,16,기타,O_065
메로니아,배혜정도가,http://thesool.com/common/imageView.do?targetId=PR00000607&targetNm=PRODUCT,750,4,기타,O_066
백운 복분자 와인,백운주가,http://thesool.com/common/imageView.do?targetId=PR00000606&targetNm=PRODUCT,360,11,기타,O_067
바나나 주,조은술 세종,http://thesool.com/common/imageView.do?targetId=PR00000605&targetNm=PRODUCT,750,4,기타,O_068
산내울 복분자주,거창사과원예농협,http://thesool.com/common/imageView.do?targetId=PR00000604&targetNm=PRODUCT,750,16,기타,O_069
산내울 사과애주,거창사과원예농협,http://thesool.com/common/imageView.do?targetId=PR00000603&targetNm=PRODUCT,750,16,기타,O_070
서울의 밤,더한주류,http://thesool.com/common/imageView.do?targetId=PR00000602&targetNm=PRODUCT,375,25,기타,O_071
설궁,솔래원,http://thesool.com/common/imageView.do?targetId=PR00000601&targetNm=PRODUCT,700,30,기타,O_072
어우야,왕지케양조장,http://thesool.com/common/imageView.do?targetId=PR00000600&targetNm=PRODUCT,365,16,기타,O_073
오목대,농업회사법인 동문거리양조장(주),http://thesool.com/common/imageView.do?targetId=PR00000599&targetNm=PRODUCT,1000,5,기타,O_074
원매,더한주류,http://thesool.com/common/imageView.do?targetId=PR00000598&targetNm=PRODUCT,750,15,기타,O_075
우도 땅콩 전통주,조은술 세종,http://thesool.com/common/imageView.do?targetId=PR00000597&targetNm=PRODUCT,750,6,기타,O_076
필,술아원,http://thesool.com/common/imageView.do?targetId=PR00000530&targetNm=PRODUCT,375,25,기타,O_077
